,hour_of_day_local,peak,day_ahead_xg,agile_xg,day_ahead_lgb,agile_lgb
2024-04-16 16:30:00+01:00,16,True,61.19058,24.850021,63.13042299905743,25.25738882980206
2024-04-16 17:00:00+01:00,17,True,63.80911,25.399914,63.67700997778521,25.372172095334896
2024-04-16 17:30:00+01:00,17,True,68.44062,26.37253,70.70534857824416,26.84812320143127
2024-04-16 18:00:00+01:00,18,True,82.574715,29.340689,76.84730400634017,28.137933841331435
2024-04-16 18:30:00+01:00,18,True,86.41723,30.147617,79.85102572908319,28.768715403107468
2024-04-16 19:00:00+01:00,19,False,78.09279,16.399485,77.07614480822346,16.185990409726926
2024-04-16 19:30:00+01:00,19,False,73.52342,15.4399185,76.26073155116954,16.014753625745602
2024-04-16 20:00:00+01:00,20,False,75.24495,15.801439,75.30123677913855,15.813259723619094
2024-04-16 20:30:00+01:00,20,False,67.58796,14.193471,66.7795725478656,14.023710235051775
2024-04-16 21:00:00+01:00,21,False,68.90816,14.470713,69.91417876088609,14.681977539786079
2024-04-16 21:30:00+01:00,21,False,58.929955,12.37529,61.71987893926076,12.961174577244758
2024-04-16 22:00:00+01:00,22,False,66.513016,13.967732,64.63435543877736,13.573214642143245
2024-04-16 22:30:00+01:00,22,False,51.738327,10.865048,54.248129960332314,11.392107291669786
2024-04-16 23:00:00+01:00,23,False,59.891697,12.577256,61.439505869193866,12.902296232530711
2024-04-16 23:30:00+01:00,23,False,53.828777,11.304043,56.41273991742524,11.846675382659301
2024-04-17 00:00:00+01:00,0,False,54.244297,11.391302,50.931404917645935,10.695595032705645
2024-04-17 00:30:00+01:00,0,False,57.414238,12.05699,54.908112153913365,11.530703552321807
2024-04-17 01:00:00+01:00,1,False,54.233746,11.389086,51.34518308131269,10.782488447075664
2024-04-17 01:30:00+01:00,1,False,53.36738,11.2071495,50.521553333487994,10.609526200032478
2024-04-17 02:00:00+01:00,2,False,51.267242,10.766121,50.21415467357531,10.544972481450815
2024-04-17 02:30:00+01:00,2,False,44.69137,9.385187,43.00501865363953,9.031053917264302
2024-04-17 03:00:00+01:00,3,False,45.9598,9.651558,45.725072755426226,9.602265278639507
2024-04-17 03:30:00+01:00,3,False,41.853798,8.789297,43.43917242047288,9.122226208299304
2024-04-17 04:00:00+01:00,4,False,47.52182,9.979582,45.843325593279225,9.627098374588638
2024-04-17 04:30:00+01:00,4,False,50.056396,10.511843,45.39927986105075,9.533848770820658
2024-04-17 05:00:00+01:00,5,False,53.02469,11.135184,49.053804173142595,10.301298876359944
2024-04-17 05:30:00+01:00,5,False,54.743553,11.496146,55.10084670419804,11.571177807881588
2024-04-17 06:00:00+01:00,6,False,57.721004,12.12141,59.6983503399641,12.53665357139246
2024-04-17 06:30:00+01:00,6,False,71.34917,14.983325,70.76756337688164,14.861188309145144
2024-04-17 07:00:00+01:00,7,False,64.008255,13.441733,67.97250164291279,14.274225345011684
2024-04-17 07:30:00+01:00,7,False,76.65015,16.09653,75.28304891405982,15.809440271952562
2024-04-17 08:00:00+01:00,8,False,68.21286,14.3247,67.72913989516447,14.223119377984537
2024-04-17 08:30:00+01:00,8,False,71.14169,14.939755,71.16423007843882,14.944488316472151
2024-04-17 09:00:00+01:00,9,False,73.081985,15.347217,71.74311034108023,15.066053171626846
2024-04-17 09:30:00+01:00,9,False,70.73602,14.854565,68.33578077941817,14.350513963677816
2024-04-17 10:00:00+01:00,10,False,68.82924,14.45414,67.6521464152282,14.206950747197922
2024-04-17 10:30:00+01:00,10,False,63.75528,13.388608,62.96300955305592,13.222232006141743
2024-04-17 11:00:00+01:00,11,False,63.21457,13.275059,63.07167615186562,13.24505199189178
2024-04-17 11:30:00+01:00,11,False,67.08362,14.08756,67.66116682440088,14.208845033124184
2024-04-17 12:00:00+01:00,12,False,70.90295,14.889618,69.73988162910284,14.645375142111595
2024-04-17 12:30:00+01:00,12,False,70.87978,14.884754,73.40039121977915,15.414082156153622
2024-04-17 13:00:00+01:00,13,False,69.448906,14.58427,72.14259553016522,15.149945061334696
2024-04-17 13:30:00+01:00,13,False,61.521366,12.919486,66.47548920757401,13.959852733590543
2024-04-17 14:00:00+01:00,14,False,66.38147,13.940108,67.55583735926712,14.186725845446094
2024-04-17 14:30:00+01:00,14,False,63.902905,13.419609,66.53877209559482,13.973142140074913
2024-04-17 15:00:00+01:00,15,False,60.591797,12.724277,65.02445884315732,13.655136357063036
2024-04-17 15:30:00+01:00,15,False,58.85527,12.359607,63.19403654759688,13.270747674995345
2024-04-17 16:00:00+01:00,16,True,59.358932,24.465376,64.8389266216473,25.61617459054593
2024-04-17 16:30:00+01:00,16,True,76.24583,28.011623,77.49621695040666,28.274205559585397
2024-04-17 17:00:00+01:00,17,True,81.38463,29.09077,83.77222197142513,29.592166613999275
2024-04-17 17:30:00+01:00,17,True,86.16255,30.094135,89.03507610865051,30.697365982816606
2024-04-17 18:00:00+01:00,18,True,93.44372,31.62318,91.65645111815311,31.247854734812154
2024-04-17 18:30:00+01:00,18,True,102.0426,33.428947,95.42561740511626,32.03937965507441
2024-04-17 19:00:00+01:00,19,False,97.02997,20.376293,99.4369276561479,20.881754807791058
2024-04-17 19:30:00+01:00,19,False,94.57161,19.860037,97.18242800686615,20.40830988144189
2024-04-17 20:00:00+01:00,20,False,91.55674,19.226915,96.62839398723636,20.291962737319636
2024-04-17 20:30:00+01:00,20,False,78.31088,16.445284,80.78579479791442,16.965016907562028
2024-04-17 21:00:00+01:00,21,False,85.17425,17.886591,87.9705474284529,18.47381495997511
2024-04-17 21:30:00+01:00,21,False,76.25099,16.012709,78.8210121485221,16.55241255118964
2024-04-17 22:00:00+01:00,22,False,80.98429,17.0067,79.35532009661412,16.664617220288964
2024-04-17 22:30:00+01:00,22,False,67.96184,14.271985,71.51147035093268,15.017408773695863
2024-04-17 23:00:00+01:00,23,False,73.722374,15.481698,72.55716475546257,15.237004598647138
2024-04-17 23:30:00+01:00,23,False,71.00381,14.910799,70.58702995899382,14.823276291388703
2024-04-18 00:00:00+01:00,0,False,62.843296,13.197092,65.32828660044004,13.718940186092407
2024-04-18 00:30:00+01:00,0,False,71.19971,14.951938,72.67897628671133,15.262585020209379
2024-04-18 01:00:00+01:00,1,False,67.97045,14.273794,68.64458402947439,14.415362646189621
2024-04-18 01:30:00+01:00,1,False,61.20961,12.854017,62.88074905721192,13.204957302014503
2024-04-18 02:00:00+01:00,2,False,61.315655,12.876287,65.77664037646953,13.8130944790586
2024-04-18 02:30:00+01:00,2,False,65.87893,13.834575,63.5752050261265,13.350793055486564
2024-04-18 03:00:00+01:00,3,False,67.06606,14.083873,63.65752621723114,13.368080505618538
2024-04-18 03:30:00+01:00,3,False,67.35555,14.144666,64.10094303325937,13.461198036984467
2024-04-18 04:00:00+01:00,4,False,68.20694,14.323457,65.94601228600604,13.848662580061267
2024-04-18 04:30:00+01:00,4,False,69.46833,14.588349,66.67786753670602,14.002352182708263
2024-04-18 05:00:00+01:00,5,False,70.68127,14.843065,68.82280086644282,14.452788181952991
2024-04-18 05:30:00+01:00,5,False,74.24651,15.591767,70.30954634333335,14.765004732100003
2024-04-18 06:00:00+01:00,6,False,72.28005,15.17881,71.91432439805132,15.102008123590776
2024-04-18 06:30:00+01:00,6,False,82.63529,17.35341,80.77049372540607,16.961803682335272
2024-04-18 07:00:00+01:00,7,False,72.5959,15.245139,73.08218422199762,15.3472586866195
2024-04-18 07:30:00+01:00,7,False,83.77796,17.593372,84.6528880142771,17.77710648299819
2024-04-18 08:00:00+01:00,8,False,77.201744,16.212366,83.19793689713315,17.47156674839796
2024-04-18 08:30:00+01:00,8,False,82.549866,17.335472,83.14342848366668,17.460119981570003
2024-04-18 09:00:00+01:00,9,False,84.64297,17.775023,81.55830700332486,17.12724447069822
2024-04-18 09:30:00+01:00,9,False,79.06324,16.60328,82.15873706076923,17.253334782761538
2024-04-18 10:00:00+01:00,10,False,71.05125,14.920761,74.73337999840054,15.694009799664112
2024-04-18 10:30:00+01:00,10,False,69.062614,14.503149,73.42707603539093,15.419685967432093
2024-04-18 11:00:00+01:00,11,False,66.49544,13.964042,65.54782122063452,13.765042456333248
2024-04-18 11:30:00+01:00,11,False,65.6541,13.78736,69.71872126461415,14.64093146556897
2024-04-18 12:00:00+01:00,12,False,71.289894,14.970878,73.1181615723941,15.354813930202761
2024-04-18 12:30:00+01:00,12,False,71.740074,15.065415,71.90180119679515,15.09937825132698
2024-04-18 13:00:00+01:00,13,False,72.19321,15.160573,72.19791535378545,15.161562224294943
2024-04-18 13:30:00+01:00,13,False,68.7757,14.442897,65.41375451323289,13.736888447778906
2024-04-18 14:00:00+01:00,14,False,68.9545,14.480444,66.36696410944526,13.937062462983505
2024-04-18 14:30:00+01:00,14,False,61.55923,12.927438,60.00897952838326,12.601885700960484
2024-04-18 15:00:00+01:00,15,False,56.029873,11.766273,59.71071881848015,12.539250951880831
2024-04-18 15:30:00+01:00,15,False,57.87253,12.153232,60.696774193718376,12.746322580680859
2024-04-18 16:00:00+01:00,16,True,59.257797,24.444138,62.97743129336142,25.225260571605897
2024-04-18 16:30:00+01:00,16,True,69.59155,26.614225,67.48198038419342,26.17121588068062
2024-04-18 17:00:00+01:00,17,True,67.833145,26.24496,71.22017885087368,26.956237558683473
2024-04-18 17:30:00+01:00,17,True,72.88219,27.30526,75.32901053186545,27.819092211691746
2024-04-18 18:00:00+01:00,18,True,81.26672,29.066011,80.06622077955174,28.813906363705865
2024-04-18 18:30:00+01:00,18,True,79.52966,28.70123,80.06825731650937,28.814334036466967
2024-04-18 19:00:00+01:00,19,False,80.28653,16.86017,79.74745357787766,16.746965251354307
2024-04-18 19:30:00+01:00,19,False,70.10931,14.722954,73.46760407541026,15.428196855836156
2024-04-18 20:00:00+01:00,20,False,74.19805,15.581591,68.79080500700873,14.446069051471833
2024-04-18 20:30:00+01:00,20,False,65.2769,13.708149,62.60243969364978,13.146512335666452
2024-04-18 21:00:00+01:00,21,False,65.70219,13.797459,66.13511256052226,13.888373637709673
2024-04-18 21:30:00+01:00,21,False,54.044678,11.349382,56.40289645564436,11.844608255685316
2024-04-18 22:00:00+01:00,22,False,51.647587,10.845993,56.80503928166616,11.929058249149893
2024-04-18 22:30:00+01:00,22,False,39.104923,8.212033,42.446531732802654,8.913771663888557
2024-04-18 23:00:00+01:00,23,False,41.83641,8.7856455,45.65532649890697,9.587618564770464
2024-04-18 23:30:00+01:00,23,False,32.2917,6.7812567,29.85285201630796,6.2690989234246715
2024-04-19 00:00:00+01:00,0,False,7.721676,1.6215519,9.56299496002454,2.0082289416051533
2024-04-19 00:30:00+01:00,0,False,11.98695,2.5172594,14.81007207084142,3.110115134876698
2024-04-19 01:00:00+01:00,1,False,3.0897102,0.6488391,7.756426153484799,1.6288494922318077
2024-04-19 01:30:00+01:00,1,False,1.6543388,0.34741116,0.4518292330208834,0.0948841389343855
2024-04-19 02:00:00+01:00,2,False,9.545719,2.004601,7.969939999642042,1.6736873999248287
2024-04-19 02:30:00+01:00,2,False,9.444386,1.983321,7.0113932928169085,1.4723925914915508
2024-04-19 03:00:00+01:00,3,False,17.545868,3.684632,11.619165806350814,2.440024819333671
2024-04-19 03:30:00+01:00,3,False,21.904354,4.599914,13.21764654869128,2.7757057752251684
2024-04-19 04:00:00+01:00,4,False,32.799026,6.8877954,26.064677048141046,5.473582180109619
2024-04-19 04:30:00+01:00,4,False,30.272354,6.357194,24.17141358150948,5.07599685211699
2024-04-19 05:00:00+01:00,5,False,30.546867,6.414842,22.656165610499215,4.757794778204835
2024-04-19 05:30:00+01:00,5,False,38.0315,7.986615,30.210840825971342,6.344276573453982
2024-04-19 06:00:00+01:00,6,False,41.16766,8.645208,34.49103257214753,7.243116840150981
2024-04-19 06:30:00+01:00,6,False,47.006615,9.871388,47.28333945631935,9.929501285827062
2024-04-19 07:00:00+01:00,7,False,61.073265,12.825385,58.667269365554056,12.320126566766351
2024-04-19 07:30:00+01:00,7,False,68.43492,14.371333,71.69664110485557,15.05629463201967
2024-04-19 08:00:00+01:00,8,False,72.36857,15.197399,68.50314207684424,14.38565983613729
2024-04-19 08:30:00+01:00,8,False,80.41862,16.887909,74.23378095327945,15.589094000188684
2024-04-19 09:00:00+01:00,9,False,62.915394,13.212233,61.60657589671062,12.93738093830923
2024-04-19 09:30:00+01:00,9,False,65.99453,13.8588505,60.434760879806355,12.691299784759334
2024-04-19 10:00:00+01:00,10,False,57.317543,12.036684,53.8976103547737,11.318498174502476
2024-04-19 10:30:00+01:00,10,False,48.19538,10.12103,46.26742880430049,9.716160048903104
2024-04-19 11:00:00+01:00,11,False,43.968937,9.233477,43.904754747893676,9.219998497057672
2024-04-19 11:30:00+01:00,11,False,42.684105,8.963662,40.997914610103194,8.60956206812167
2024-04-19 12:00:00+01:00,12,False,43.212315,9.074586,43.36711755804913,9.107094687190317
2024-04-19 12:30:00+01:00,12,False,44.719677,9.391131,43.180937299792774,9.067996832956482
2024-04-19 13:00:00+01:00,13,False,44.615265,9.369205,37.49837467847608,7.874658682479977
2024-04-19 13:30:00+01:00,13,False,43.313957,9.095931,37.9020862348754,7.959438109323833
2024-04-19 14:00:00+01:00,14,False,46.063248,9.673282,41.91869435558569,8.802925814672996
2024-04-19 14:30:00+01:00,14,False,39.844723,8.367392,39.61385183020627,8.318908884343317
2024-04-19 15:00:00+01:00,15,False,37.35007,7.8435144,30.79915831686968,6.467823246542633
2024-04-19 15:30:00+01:00,15,False,37.946186,7.968699,29.63679345884107,6.223726626356624
2024-04-19 16:00:00+01:00,16,True,44.172596,21.276245,38.27331606747458,20.03739637416966
2024-04-19 16:30:00+01:00,16,True,43.84819,21.208118,46.42202125209111,21.748624462939134
2024-04-19 17:00:00+01:00,17,True,57.866943,24.152058,56.90154094447664,23.949323598340094
2024-04-19 17:30:00+01:00,17,True,71.95373,27.110283,66.69302268572743,26.00553476400276
2024-04-19 18:00:00+01:00,18,True,78.32471,28.448189,72.34060971505114,27.19152804016074
2024-04-19 18:30:00+01:00,18,True,77.09323,28.189577,75.00259906470754,27.750545803588583
2024-04-19 19:00:00+01:00,19,False,73.808174,15.499716,75.78672762079425,15.915212800366792
2024-04-19 19:30:00+01:00,19,False,69.34075,14.561558,75.58077221774364,15.871962165726165
2024-04-19 20:00:00+01:00,20,False,74.35755,15.615086,76.69410823873154,16.105762730133623
2024-04-19 20:30:00+01:00,20,False,68.89764,14.468503,70.96915691724419,14.90352295262128
2024-04-19 21:00:00+01:00,21,False,78.639885,16.514376,74.6543041815887,15.677403878133626
2024-04-19 21:30:00+01:00,21,False,72.507965,15.226672,71.0246470873233,14.915175888337894
2024-04-19 22:00:00+01:00,22,False,75.69231,15.895384,71.43413558202259,15.001168472224744
2024-04-19 22:30:00+01:00,22,False,69.82198,14.662616,68.55888618001491,14.39736609780313
2024-04-19 23:00:00+01:00,23,False,69.145905,14.520639,71.98231094835495,15.116285299154539
2024-04-19 23:30:00+01:00,23,False,63.679657,13.372727,66.05613183678244,13.871787685724312
2024-04-20 00:00:00+01:00,0,False,51.14333,10.740099,56.230114572173136,11.808324060156359
2024-04-20 00:30:00+01:00,0,False,76.42244,16.048712,67.71393021391276,14.219925344921679
2024-04-20 01:00:00+01:00,1,False,75.185356,15.788924,68.00285600466634,14.280599760979932
2024-04-20 01:30:00+01:00,1,False,75.74851,15.907187,63.944726785670724,13.42839262499085
2024-04-20 02:00:00+01:00,2,False,80.24604,16.851667,61.80431409880686,12.97890596074944
2024-04-20 02:30:00+01:00,2,False,70.96233,14.90209,57.98608779140673,12.177078436195414
2024-04-20 03:00:00+01:00,3,False,67.05179,14.080875,59.003181929023334,12.390668205094899
2024-04-20 03:30:00+01:00,3,False,66.81133,14.030379,55.336822653588186,11.620732757253519
2024-04-20 04:00:00+01:00,4,False,70.61824,14.82983,60.64688762479206,12.73584640120633
2024-04-20 04:30:00+01:00,4,False,71.547455,15.024965,60.760583253984954,12.75972248333684
2024-04-20 05:00:00+01:00,5,False,70.7632,14.860271,60.497793480184974,12.704536630838843
2024-04-20 05:30:00+01:00,5,False,68.94463,14.478373,61.29313908346634,12.871559207527932
2024-04-20 06:00:00+01:00,6,False,67.62703,14.201675,61.280138656268065,12.868829117816293
2024-04-20 06:30:00+01:00,6,False,76.17316,15.996363,74.48244612163448,15.64131368554324
2024-04-20 07:00:00+01:00,7,False,70.67659,14.842083,68.06844729350082,14.294373931635173
2024-04-20 07:30:00+01:00,7,False,81.53734,17.12284,79.44223113320062,16.68286853797213
2024-04-20 08:00:00+01:00,8,False,74.46476,15.637599,80.7113068664954,16.949374441964036
2024-04-20 08:30:00+01:00,8,False,80.615814,16.929321,85.0490283337663,17.860295950090922
2024-04-20 09:00:00+01:00,9,False,81.01809,17.013798,85.72067287129669,18.001341302972303
2024-04-20 09:30:00+01:00,9,False,76.60953,16.088,81.99307909060992,17.218546609028085
2024-04-20 10:00:00+01:00,10,False,76.864914,16.141632,77.2856186464197,16.22997991574814
2024-04-20 10:30:00+01:00,10,False,72.15142,15.151798,74.32102559147071,15.60741537420885
2024-04-20 11:00:00+01:00,11,False,68.24122,14.330655,72.7566412390863,15.278894660208124
2024-04-20 11:30:00+01:00,11,False,76.268,16.01628,75.48914214275239,15.852719849978
2024-04-20 12:00:00+01:00,12,False,76.49566,16.064087,75.70634166732674,15.898331750138615
2024-04-20 12:30:00+01:00,12,False,74.53526,15.652405,76.97389478077022,16.164517903961745
2024-04-20 13:00:00+01:00,13,False,72.76032,15.279667,72.85161546368066,15.298839247372937
2024-04-20 13:30:00+01:00,13,False,64.1074,13.462553,67.46541953090048,14.1677381014891
2024-04-20 14:00:00+01:00,14,False,63.916367,13.422437,66.58757477370972,13.98339070247904
2024-04-20 14:30:00+01:00,14,False,62.144234,13.050288,66.01669112755343,13.86350513678622
2024-04-20 15:00:00+01:00,15,False,61.320835,12.877375,67.00162452385446,14.070341150009437
2024-04-20 15:30:00+01:00,15,False,62.82711,13.193693,68.02185373814874,14.284589285011235
2024-04-20 16:00:00+01:00,16,True,63.658688,25.368324,70.16509288560785,26.73466950597765
2024-04-20 16:30:00+01:00,16,True,69.526924,26.600655,73.19995971751884,27.371991540678955
2024-04-20 17:00:00+01:00,17,True,68.889755,26.466848,78.9527851805028,28.58008488790559
2024-04-20 17:30:00+01:00,17,True,78.50136,28.485285,88.93531560095384,30.676416276200307
2024-04-20 18:00:00+01:00,18,True,88.01614,30.483389,89.05921189905047,30.702434498800596
2024-04-20 18:30:00+01:00,18,True,94.14637,31.770737,89.83142655725877,30.86459957702434
2024-04-20 19:00:00+01:00,19,False,94.813194,19.91077,94.56483843242549,19.85861607080935
2024-04-20 19:30:00+01:00,19,False,95.87729,20.13423,90.89643741068737,19.088251856244348
2024-04-20 20:00:00+01:00,20,False,93.7439,19.686218,91.40139974338284,19.194293946110395
2024-04-20 20:30:00+01:00,20,False,74.71427,15.689997,77.12311063331192,16.195853232995503
2024-04-20 21:00:00+01:00,21,False,74.08184,15.557186,79.91474377262121,16.782096192250453
2024-04-20 21:30:00+01:00,21,False,66.423836,13.949005,63.967778712850155,13.433233529698532
2024-04-20 22:00:00+01:00,22,False,67.72636,14.222534,67.27370438509422,14.127477920869786
2024-04-20 22:30:00+01:00,22,False,58.022434,12.1847105,59.25028605756305,12.44256007208824
2024-04-20 23:00:00+01:00,23,False,69.68503,14.633856,65.54987241910796,13.76547320801267
2024-04-20 23:30:00+01:00,23,False,64.50227,13.545477,65.000075835827,13.65001592552367
2024-04-21 00:00:00+01:00,0,False,66.802734,14.028574,61.50183904493806,12.915386199436991
2024-04-21 00:30:00+01:00,0,False,72.39701,15.203372,67.37522667834445,14.148797602452333
2024-04-21 01:00:00+01:00,1,False,74.54532,15.654516,67.01585054733462,14.07332861494027
2024-04-21 01:30:00+01:00,1,False,70.9212,14.893453,66.84706806908554,14.037884294507963
2024-04-21 02:00:00+01:00,2,False,72.1956,15.161076,66.22652213504392,13.907569648359223
2024-04-21 02:30:00+01:00,2,False,70.53484,14.812317,65.15202575191306,13.681925407901742
2024-04-21 03:00:00+01:00,3,False,71.387566,14.991388,66.25638588728954,13.913841036330803
2024-04-21 03:30:00+01:00,3,False,73.57471,15.450688,65.71903932709225,13.800998258689372
2024-04-21 04:00:00+01:00,4,False,74.03571,15.5475,66.43981617264531,13.952361396255514
2024-04-21 04:30:00+01:00,4,False,72.38682,15.201231,64.7710085004149,13.601911785087127
2024-04-21 05:00:00+01:00,5,False,74.6694,15.680574,65.42932204234856,13.740157628893197
2024-04-21 05:30:00+01:00,5,False,74.02473,15.545192,65.76281556572762,13.8101912688028
2024-04-21 06:00:00+01:00,6,False,72.56481,15.23861,65.19693670579235,13.691356708216393
2024-04-21 06:30:00+01:00,6,False,71.721375,15.061488,69.59980109021366,14.615958228944868
2024-04-21 07:00:00+01:00,7,False,62.004166,13.020874,60.08083527629969,12.616975408022935
2024-04-21 07:30:00+01:00,7,False,66.588005,13.98348,64.79560816390273,13.607077714419573
2024-04-21 08:00:00+01:00,8,False,53.17951,11.167696,59.24516787680771,12.441485254129619
2024-04-21 08:30:00+01:00,8,False,60.71091,12.74929,64.33125251983894,13.509563029166177
2024-04-21 09:00:00+01:00,9,False,59.636192,12.5236,61.968858829797895,13.013460354257557
2024-04-21 09:30:00+01:00,9,False,62.45458,13.115461,63.17755403894811,13.267286348179102
2024-04-21 10:00:00+01:00,10,False,59.13266,12.417858,60.74292663291098,12.756014592911304
2024-04-21 10:30:00+01:00,10,False,60.03352,12.6070385,60.26855113285023,12.656395737898547
2024-04-21 11:00:00+01:00,11,False,64.67291,13.581311,65.48093137636059,13.750995589035723
2024-04-21 11:30:00+01:00,11,False,64.48934,13.542762,70.25884297037913,14.754357023779617
2024-04-21 12:00:00+01:00,12,False,68.538155,14.393012,70.71412599976044,14.849966459949693
2024-04-21 12:30:00+01:00,12,False,68.943504,14.478135,71.97102577797978,15.113915413375752
2024-04-21 13:00:00+01:00,13,False,68.234856,14.329319,73.46045154709465,15.426694824889875
2024-04-21 13:30:00+01:00,13,False,66.16449,13.894543,68.25623401974583,14.333809144146624
2024-04-21 14:00:00+01:00,14,False,61.476994,12.910169,63.66883727744284,13.370455828262996
2024-04-21 14:30:00+01:00,14,False,58.579082,12.301607,62.12931159898322,13.047155435786475
2024-04-21 15:00:00+01:00,15,False,62.0632,13.033272,61.51010697202505,12.91712246412526
2024-04-21 15:30:00+01:00,15,False,61.22258,12.856741,60.830813105929415,12.774470752245177
2024-04-21 16:00:00+01:00,16,True,60.079906,24.61678,61.53985306654901,24.923369143975293
2024-04-21 16:30:00+01:00,16,True,70.21271,26.744667,73.33908164504535,27.401207145459523
2024-04-21 17:00:00+01:00,17,True,76.9271,28.15469,76.36367049227874,28.036370803378535
2024-04-21 17:30:00+01:00,17,True,86.39803,30.143587,80.48299439061688,28.901428822029544
2024-04-21 18:00:00+01:00,18,True,86.48075,30.160957,81.21447957455872,29.05504071065733
2024-04-21 18:30:00+01:00,18,True,92.10825,31.342733,82.48620150223572,29.3221023154695
2024-04-21 19:00:00+01:00,19,False,87.65076,18.406658,85.48190230854617,17.951199484794696
2024-04-21 19:30:00+01:00,19,False,83.25989,17.484575,80.87391502800651,16.983522155881367
2024-04-21 20:00:00+01:00,20,False,84.51502,17.748154,79.83231526717276,16.76478620610628
2024-04-21 20:30:00+01:00,20,False,69.602455,14.616515,70.20992875162649,14.744085037841563
2024-04-21 21:00:00+01:00,21,False,70.58373,14.822583,72.0114552400966,15.122405600420285
2024-04-21 21:30:00+01:00,21,False,63.504276,13.335897,61.23970098954745,12.860337207804964
2024-04-21 22:00:00+01:00,22,False,67.091446,14.089203,65.99104932568902,13.858120358394693
2024-04-21 22:30:00+01:00,22,False,61.035065,12.817363,58.7695181705073,12.341598815806531
2024-04-21 23:00:00+01:00,23,False,65.46955,13.748606,65.66825828361773,13.790334239559723
2024-04-21 23:30:00+01:00,23,False,64.06664,13.453995,66.10922711810076,13.882937694801159
2024-04-22 00:00:00+01:00,0,False,67.19965,14.111927,62.49127760295554,13.123168296620664
2024-04-22 00:30:00+01:00,0,False,75.28961,15.810818,68.56573917182362,14.39880522608296
2024-04-22 01:00:00+01:00,1,False,65.89167,13.837251,64.04333918735115,13.449101229343741
2024-04-22 01:30:00+01:00,1,False,65.01852,13.653888,61.969606384210344,13.013617340684172
2024-04-22 02:00:00+01:00,2,False,66.51733,13.968638,64.06725684324513,13.454123937081478
2024-04-22 02:30:00+01:00,2,False,65.79367,13.81667,64.16732382904507,13.475138004099465
2024-04-22 03:00:00+01:00,3,False,66.605064,13.987063,65.21914609226272,13.69602067937517
2024-04-22 03:30:00+01:00,3,False,64.80971,13.610038,64.2629883000968,13.495227543020325
2024-04-22 04:00:00+01:00,4,False,69.68687,14.634241,66.29439950476075,13.921823895999756
2024-04-22 04:30:00+01:00,4,False,68.30694,14.344457,64.67186034784724,13.581090673047921
2024-04-22 05:00:00+01:00,5,False,69.794,14.656739,68.55284346686992,14.396097128042681
2024-04-22 05:30:00+01:00,5,False,70.41575,14.787307,66.83253631553767,14.03483262626291
2024-04-22 06:00:00+01:00,6,False,68.55539,14.396631,68.96280714823588,14.482189501129534
2024-04-22 06:30:00+01:00,6,False,79.22006,16.636213,77.0457215957051,16.179601535098072
2024-04-22 07:00:00+01:00,7,False,71.29092,14.971092,73.2814849581574,15.389111841213055
2024-04-22 07:30:00+01:00,7,False,79.726,16.742458,82.8742956834209,17.403602093518387
2024-04-22 08:00:00+01:00,8,False,77.291306,16.231174,78.28782068447241,16.440442343739203
2024-04-22 08:30:00+01:00,8,False,79.24939,16.642372,81.71249283548245,17.159623495451314
2024-04-22 09:00:00+01:00,9,False,79.08276,16.60738,79.40580025678919,16.67521805392573
2024-04-22 09:30:00+01:00,9,False,78.15613,16.412786,77.47020962537162,16.26874402132804
2024-04-22 10:00:00+01:00,10,False,76.4153,16.047213,76.48077707765384,16.060963186307305
2024-04-22 10:30:00+01:00,10,False,75.18356,15.7885475,76.32501872158427,16.028253931532696
2024-04-22 11:00:00+01:00,11,False,75.47629,15.85002,75.64495606511872,15.885440773674931
2024-04-22 11:30:00+01:00,11,False,76.34631,16.032724,74.25656529406203,15.593878711753025
2024-04-22 12:00:00+01:00,12,False,70.96954,14.903604,74.38198698277255,15.620217266382234
2024-04-22 12:30:00+01:00,12,False,70.03294,14.706918,72.69366943684092,15.265670581736593
2024-04-22 13:00:00+01:00,13,False,73.07327,15.3453865,72.95140256894287,15.319794539478002
2024-04-22 13:30:00+01:00,13,False,69.23604,14.539568,70.44062381709057,14.792531001589019
2024-04-22 14:00:00+01:00,14,False,70.76741,14.8611555,68.708597374356,14.42880544861476
2024-04-22 14:30:00+01:00,14,False,68.638885,14.4141655,67.10392097780787,14.091823405339653
2024-04-22 15:00:00+01:00,15,False,68.692,14.42532,66.11869789455646,13.884926557856856
2024-04-22 15:30:00+01:00,15,False,68.70889,14.428867,68.9312060894326,14.475553278780847
2024-04-22 16:00:00+01:00,16,True,67.533356,26.182003,69.72649108842022,26.642563128568245
2024-04-22 16:30:00+01:00,16,True,76.34366,28.032167,76.91787600211391,28.15275396044392
2024-04-22 17:00:00+01:00,17,True,81.89389,29.197716,79.86479514309067,28.77160698004904
2024-04-22 17:30:00+01:00,17,True,83.033295,29.43699,83.90459705834427,29.619965382252296
2024-04-22 18:00:00+01:00,18,True,91.17331,31.146395,84.70688142209825,29.788445098640633
2024-04-22 18:30:00+01:00,18,True,87.966354,30.472935,84.02290754316317,29.644810584064267
2024-04-22 19:00:00+01:00,19,False,86.07982,18.076761,82.69916206630398,17.366824033923837
2024-04-22 19:30:00+01:00,19,False,83.08899,17.448687,79.99808854005119,16.79959859341075
2024-04-22 20:00:00+01:00,20,False,84.696686,17.786303,81.17076818386343,17.04586131861132
2024-04-22 20:30:00+01:00,20,False,76.046646,15.969795,69.74763397133306,14.647003133979942
2024-04-22 21:00:00+01:00,21,False,75.09706,15.770382,74.78059114358558,15.70392414015297
2024-04-22 21:30:00+01:00,21,False,68.02089,14.284387,66.69873665109981,14.006734696730959
2024-04-22 22:00:00+01:00,22,False,68.18591,14.319041,70.09708503251782,14.720387856828742
2024-04-22 22:30:00+01:00,22,False,58.06005,12.192611,63.584904876596234,13.35283002408521
2024-04-22 23:00:00+01:00,23,False,62.015385,13.023231,68.62742086134915,14.41175838088332
2024-04-22 23:30:00+01:00,23,False,64.3842,13.520681,67.70895816065325,14.218881213737182
2024-04-23 00:00:00+01:00,0,False,64.566246,13.558911,61.50249098344999,12.915523106524496
2024-04-23 00:30:00+01:00,0,False,70.850204,14.878543,67.41968789788042,14.158134458554889
2024-04-23 01:00:00+01:00,1,False,66.28951,13.920797,64.50467879555379,13.545982547066295
2024-04-23 01:30:00+01:00,1,False,61.571346,12.929982,60.05746256990954,12.612067139681002
2024-04-23 02:00:00+01:00,2,False,63.204353,13.272914,59.63778075071211,12.523933957649543
2024-04-23 02:30:00+01:00,2,False,58.154415,12.212427,56.721363311470476,11.9114862954088
2024-04-23 03:00:00+01:00,3,False,57.58917,12.093725,56.72323965799617,11.911880328179194
2024-04-23 03:30:00+01:00,3,False,57.03791,11.977961,56.76824664941657,11.921331796377478
2024-04-23 04:00:00+01:00,4,False,58.193687,12.220674,59.41912803819671,12.478016888021308
2024-04-23 04:30:00+01:00,4,False,56.81375,11.930887,57.184514778920004,12.0087481035732
2024-04-23 05:00:00+01:00,5,False,63.078983,13.246586,62.26192476974795,13.075004201647069
2024-04-23 05:30:00+01:00,5,False,66.876205,14.044003,65.26353592863633,13.705342545013629
2024-04-23 06:00:00+01:00,6,False,66.944664,14.058379,66.33317290996351,13.929966311092336
2024-04-23 06:30:00+01:00,6,False,79.62775,16.721827,79.69002362263353,16.734904960753042
2024-04-23 07:00:00+01:00,7,False,67.31781,14.13674,71.6278026481867,15.041838556119206
2024-04-23 07:30:00+01:00,7,False,76.21316,16.004763,82.64776135256395,17.356029884038428
2024-04-23 08:00:00+01:00,8,False,77.81445,16.341034,77.90251628911749,16.35952842071467
2024-04-23 08:30:00+01:00,8,False,81.03853,17.018091,78.37363524246588,16.458463400917836
2024-04-23 09:00:00+01:00,9,False,82.741974,17.375814,78.76292181985171,16.54021358216886
2024-04-23 09:30:00+01:00,9,False,79.52885,16.701057,79.99209607100228,16.79834017491048
2024-04-23 10:00:00+01:00,10,False,81.43602,17.101564,80.75364499230638,16.95826544838434
2024-04-23 10:30:00+01:00,10,False,72.99913,15.329817,76.32385982932968,16.02801056415923
2024-04-23 11:00:00+01:00,11,False,70.11635,14.724433,75.09891442390015,15.770772029019032
2024-04-23 11:30:00+01:00,11,False,73.417,15.417569,73.14399330846734,15.360238594778142
2024-04-23 12:00:00+01:00,12,False,71.27831,14.968445,70.98646713301875,14.907158097933937
2024-04-23 12:30:00+01:00,12,False,65.49696,13.754362,69.08617972256515,14.50809774173868
2024-04-23 13:00:00+01:00,13,False,69.277885,14.548355,71.9396759900761,15.10733195791598
2024-04-23 13:30:00+01:00,13,False,66.48678,13.962223,67.53179552179328,14.18167705957659
2024-04-23 14:00:00+01:00,14,False,67.527435,14.180761,72.85833282974397,15.300249894246233
2024-04-23 14:30:00+01:00,14,False,64.353096,13.51415,69.64825211359631,14.626132943855225
2024-04-23 15:00:00+01:00,15,False,62.732075,13.173736,67.77887000659861,14.233562701385708
2024-04-23 15:30:00+01:00,15,False,64.74276,13.595979,68.39315558769218,14.362562673415356
2024-04-23 16:00:00+01:00,16,True,64.65649,25.577862,71.00534346733541,26.911122128140434
2024-04-23 16:30:00+01:00,16,True,71.422844,26.998796,73.13810020050447,27.359001042105938
2024-04-23 17:00:00+01:00,17,True,75.223755,27.79699,76.59924318041406,28.085841067886953
2024-04-23 17:30:00+01:00,17,True,82.301796,29.283377,84.56666042861305,29.758998690008738
2024-04-23 18:00:00+01:00,18,True,81.31748,29.076672,85.32878498689712,29.919044847248394
2024-04-23 18:30:00+01:00,18,True,80.409966,28.886093,85.35486547212885,29.924521749147058
2024-04-23 19:00:00+01:00,19,False,79.9894,16.797773,88.22687069339626,18.527642845613215
2024-04-23 19:30:00+01:00,19,False,81.31104,17.07532,88.44602846205204,18.573665977030927
2024-04-23 20:00:00+01:00,20,False,77.91918,16.363028,86.23796153697984,18.109971922765766
2024-04-23 20:30:00+01:00,20,False,76.024956,15.9652405,76.34100128724482,16.031610270321412
2024-04-23 21:00:00+01:00,21,False,79.48376,16.69159,78.75344383697784,16.538223205765345
2024-04-23 21:30:00+01:00,21,False,75.70729,15.898531,75.63494115391845,15.883337642322873
2024-04-23 22:00:00+01:00,22,False,73.23763,15.379903,75.42230416758458,15.838683875192762
2024-04-23 22:30:00+01:00,22,False,65.586914,13.773252,70.43651116619066,14.791667344900038
2024-04-23 23:00:00+01:00,23,False,78.05283,16.391094,75.79563445636039,15.917083235835682
2024-04-23 23:30:00+01:00,23,False,76.05533,15.971619,71.27756327005247,14.968288286711017
2024-04-24 00:00:00+01:00,0,False,57.620377,12.100279,54.299890630308916,11.402977032364872
2024-04-24 00:30:00+01:00,0,False,71.207344,14.953542,64.36391884621017,13.516422957704135
2024-04-24 01:00:00+01:00,1,False,65.45899,13.7463875,55.55854088571966,11.667293586001128
2024-04-24 01:30:00+01:00,1,False,59.597576,12.515491,48.5844328095202,10.202730889999241
2024-04-24 02:00:00+01:00,2,False,60.5843,12.722703,50.79283627990586,10.66649561878023
2024-04-24 02:30:00+01:00,2,False,58.93811,12.377003,47.85923446765416,10.050439238207373
2024-04-24 03:00:00+01:00,3,False,56.22612,11.807485,45.43185678982589,9.540689925863438
2024-04-24 03:30:00+01:00,3,False,47.622528,10.0007305,38.271727059529475,8.037062682501189
2024-04-24 04:00:00+01:00,4,False,57.603035,12.096637,48.26089492221906,10.134787933666003
2024-04-24 04:30:00+01:00,4,False,53.656345,11.267832,51.203101674039445,10.752651351548282
2024-04-24 05:00:00+01:00,5,False,58.79089,12.3460865,51.4483193850819,10.804147070867199
2024-04-24 05:30:00+01:00,5,False,67.73838,14.2250595,59.4199718399586,12.478194086391305
2024-04-24 06:00:00+01:00,6,False,68.94423,14.478288,61.21714775815314,12.855601029212158
2024-04-24 06:30:00+01:00,6,False,75.06744,15.764161,77.3537742950711,16.244292601964933
2024-04-24 07:00:00+01:00,7,False,66.50862,13.96681,72.17482298953527,15.156712827802407
2024-04-24 07:30:00+01:00,7,False,77.67093,16.310894,82.24914468566269,17.272320383989165
2024-04-24 08:00:00+01:00,8,False,73.79434,15.496811,78.38952709736208,16.461800690446037
2024-04-24 08:30:00+01:00,8,False,81.27936,17.068665,82.37019397452686,17.297740734650638
2024-04-24 09:00:00+01:00,9,False,73.93267,15.525861,80.03012951512295,16.80632719817582
2024-04-24 09:30:00+01:00,9,False,71.38075,14.989958,76.69415030141916,16.105771563298024
2024-04-24 10:00:00+01:00,10,False,75.414474,15.837039,72.5333995582733,15.232013907237393
2024-04-24 10:30:00+01:00,10,False,70.62268,14.830763,71.64475949192044,15.045399493303291
2024-04-24 11:00:00+01:00,11,False,75.01742,15.753657,74.0937781696698,15.559693415630658
2024-04-24 11:30:00+01:00,11,False,73.08177,15.347172,74.28038681729312,15.598881231631555
2024-04-24 12:00:00+01:00,12,False,69.12248,14.51572,73.6556773168434,15.467692236537113
2024-04-24 12:30:00+01:00,12,False,68.71327,14.429787,71.19398104454288,14.950736019354004
2024-04-24 13:00:00+01:00,13,False,69.88598,14.676055,70.81711473647698,14.871594094660166
2024-04-24 13:30:00+01:00,13,False,61.247353,12.861943,68.08240194910033,14.297304409311069
2024-04-24 14:00:00+01:00,14,False,63.052807,13.241089,69.2809123154633,14.548991586247292
2024-04-24 14:30:00+01:00,14,False,62.11139,13.043391,68.6588130335614,14.418350737047893
2024-04-24 15:00:00+01:00,15,False,63.69554,13.376063,69.1142051446335,14.513983080373034
2024-04-24 15:30:00+01:00,15,False,62.21611,13.065383,68.63400908673918,14.413141908215229
2024-04-24 16:00:00+01:00,16,True,65.65551,25.787657,70.44408754872748,26.793258385232768
2024-04-24 16:30:00+01:00,16,True,78.81878,28.551943,79.95751399480883,28.791077938909854
2024-04-24 17:00:00+01:00,17,True,78.7745,28.542645,78.6028476815205,28.506598013119305
2024-04-24 17:30:00+01:00,17,True,78.873695,28.563475,83.2467229582713,29.481811821236974
2024-04-24 18:00:00+01:00,18,True,81.721245,29.16146,86.38054903077634,30.13991529646303
2024-04-24 18:30:00+01:00,18,True,84.16,29.673601,84.27323599772184,29.697379559521586
2024-04-24 19:00:00+01:00,19,False,81.21711,17.055592,83.61438096645752,17.55902000295608
2024-04-24 19:30:00+01:00,19,False,79.37255,16.668236,82.0809746503158,17.237004676566315
2024-04-24 20:00:00+01:00,20,False,78.02927,16.386145,81.7755577967761,17.17286713732298
2024-04-24 20:30:00+01:00,20,False,73.01505,15.33316,70.22848777677859,14.747982433123504
2024-04-24 21:00:00+01:00,21,False,81.780876,17.173983,78.15442170766406,16.412428558609452
2024-04-24 21:30:00+01:00,21,False,74.70281,15.68759,73.19131693318226,15.370176555968275
2024-04-24 22:00:00+01:00,22,False,74.9706,15.743825,74.33880774847707,15.611149627180183
2024-04-24 22:30:00+01:00,22,False,66.45386,13.95531,64.73684548569649,13.594737551996262
2024-04-24 23:00:00+01:00,23,False,76.72242,16.111708,71.37415980005534,14.98857355801162
2024-04-24 23:30:00+01:00,23,False,74.640236,15.674449,71.37112271841495,14.98793577086714
2024-04-25 00:00:00+01:00,0,False,66.97969,14.065735,64.44794195148211,13.534067809811242
2024-04-25 00:30:00+01:00,0,False,75.14963,15.781422,73.90853365184753,15.520792066887982
2024-04-25 01:00:00+01:00,1,False,70.36632,14.776926,66.4095177428486,13.945998725998207
2024-04-25 01:30:00+01:00,1,False,62.343,13.09203,63.24747552592994,13.281969860445287
2024-04-25 02:00:00+01:00,2,False,63.999756,13.439948,62.884361092711785,13.205715829469474
2024-04-25 02:30:00+01:00,2,False,62.31641,13.086446,61.55943442613001,12.927481229487302
2024-04-25 03:00:00+01:00,3,False,64.65393,13.577325,62.80876537014505,13.189840727730461
2024-04-25 03:30:00+01:00,3,False,63.417942,13.317767,62.10258078875583,13.041541965638723
2024-04-25 04:00:00+01:00,4,False,65.24849,13.702183,64.52426482091741,13.550095612392655
2024-04-25 04:30:00+01:00,4,False,60.51939,12.709071,62.881062292264176,13.205023081375476
2024-04-25 05:00:00+01:00,5,False,67.721085,14.221427,63.182092486290465,13.268239422120997
2024-04-25 05:30:00+01:00,5,False,66.802536,14.028532,61.635175069112464,12.943386764513617
2024-04-25 06:00:00+01:00,6,False,66.01172,13.86246,66.1014586000823,13.881306306017281
2024-04-25 06:30:00+01:00,6,False,80.20178,16.842373,79.3738730830389,16.668513347438168
2024-04-25 07:00:00+01:00,7,False,73.92823,15.524928,73.88609582605723,15.516080123472017
2024-04-25 07:30:00+01:00,7,False,84.68286,17.7834,85.16375981646782,17.884389561458242
2024-04-25 08:00:00+01:00,8,False,84.67498,17.781746,86.20498314926226,18.103046461345073
2024-04-25 08:30:00+01:00,8,False,90.5608,19.017767,87.7719222685945,18.432103676404843
2024-04-25 09:00:00+01:00,9,False,90.58031,19.021864,86.99668988230401,18.26930487528384
2024-04-25 09:30:00+01:00,9,False,90.64832,19.036148,85.10465479742972,17.87197750746024
2024-04-25 10:00:00+01:00,10,False,83.78097,17.594002,83.29470417655595,17.49188787707675
2024-04-25 10:30:00+01:00,10,False,77.32635,16.238533,77.89752652977276,16.35848057125228
2024-04-25 11:00:00+01:00,11,False,77.53983,16.283365,74.42395197221968,15.629029914166132
2024-04-25 11:30:00+01:00,11,False,77.67344,16.311422,73.74292110284485,15.486013431597417
2024-04-25 12:00:00+01:00,12,False,75.75106,15.907722,73.61839251024345,15.459862427151124
2024-04-25 12:30:00+01:00,12,False,73.70264,15.477553,72.31985252167601,15.187169029551962
2024-04-25 13:00:00+01:00,13,False,76.89945,16.148884,71.48430171119595,15.01170335935115
2024-04-25 13:30:00+01:00,13,False,71.551056,15.025722,68.10827347951589,14.302737430698336
2024-04-25 14:00:00+01:00,14,False,70.402596,14.784545,70.15944227458283,14.733482877662393
2024-04-25 14:30:00+01:00,14,False,69.34259,14.561943,69.23491220221241,14.539331562464607
2024-04-25 15:00:00+01:00,15,False,69.158035,14.523187,69.9712001661158,14.693952034884319
2024-04-25 15:30:00+01:00,15,False,70.8303,14.874362,67.74704046622506,14.226878497907261
2024-04-25 16:00:00+01:00,16,True,70.54906,26.815302,71.31273805072706,26.975674990652685
2024-04-25 16:30:00+01:00,16,True,86.63261,30.192846,85.42168333912754,29.938553501216784
2024-04-25 17:00:00+01:00,17,True,89.57237,30.810198,88.41897035388747,30.567983774316367
2024-04-25 17:30:00+01:00,17,True,86.207214,30.103514,94.62688961383914,31.871646818906218
2024-04-25 18:00:00+01:00,18,True,87.468025,30.368284,93.40816219014471,31.615714059930387
2024-04-25 18:30:00+01:00,18,True,94.18223,31.778267,93.69456104661352,31.67585781978884
2024-04-25 19:00:00+01:00,19,False,88.141846,18.509787,90.58225572912004,19.022273703115207
2024-04-25 19:30:00+01:00,19,False,86.18061,18.097927,86.19279935269728,18.100487864066427
2024-04-25 20:00:00+01:00,20,False,87.78831,18.435543,89.33976272133653,18.76135017148067
2024-04-25 20:30:00+01:00,20,False,76.80314,16.128658,73.66401194619446,15.469442508700837
2024-04-25 21:00:00+01:00,21,False,75.69333,15.895598,76.86441535120021,16.141527223752043
2024-04-25 21:30:00+01:00,21,False,67.981705,14.276157,67.44014061820525,14.162429529823102
2024-04-25 22:00:00+01:00,22,False,72.99898,15.329784,71.51093407247812,15.017296155220405
2024-04-25 22:30:00+01:00,22,False,63.70639,13.378342,64.37437216262794,13.518618154151866
2024-04-25 23:00:00+01:00,23,False,67.87412,14.253565,68.11796225681526,14.304772073931204
2024-04-25 23:30:00+01:00,23,False,72.346214,15.192704,67.54730483626643,14.184934015615951
2024-04-26 00:00:00+01:00,0,False,59.521736,12.499564,60.28045085641923,12.658894679848038
2024-04-26 00:30:00+01:00,0,False,65.31835,13.716853,69.38528261227925,14.570909348578644
2024-04-26 01:00:00+01:00,1,False,61.863735,12.991384,61.876469589440646,12.994058613782535
2024-04-26 01:30:00+01:00,1,False,56.583683,11.882573,59.90474593959206,12.579996647314333
2024-04-26 02:00:00+01:00,2,False,59.26974,12.446645,60.17765896808867,12.63730838329862
2024-04-26 02:30:00+01:00,2,False,56.850323,11.938567,59.016512696684636,12.393467666303772
2024-04-26 03:00:00+01:00,3,False,55.86661,11.731988,58.565952084872194,12.29884993782316
2024-04-26 03:30:00+01:00,3,False,56.229675,11.808231,59.30885069158039,12.454858645231882
2024-04-26 04:00:00+01:00,4,False,58.15252,12.2120285,61.64426943388648,12.94529658111616
2024-04-26 04:30:00+01:00,4,False,58.848404,12.358165,59.35466989761225,12.464480678498571
2024-04-26 05:00:00+01:00,5,False,61.760002,12.9696,63.39385393305459,13.312709325941462
2024-04-26 05:30:00+01:00,5,False,61.29446,12.871837,63.27981777334006,13.288761732401413
2024-04-26 06:00:00+01:00,6,False,61.85232,12.988987,63.3495794276922,13.303411679815362
2024-04-26 06:30:00+01:00,6,False,78.92899,16.575089,77.0486688821238,16.180220465246
2024-04-26 07:00:00+01:00,7,False,68.14459,14.310364,70.98158370134938,14.906132577283369
2024-04-26 07:30:00+01:00,7,False,79.21581,16.63532,83.62757698743312,17.561791167360955
2024-04-26 08:00:00+01:00,8,False,77.2901,16.23092,80.39188094283165,16.882294997994645
2024-04-26 08:30:00+01:00,8,False,83.11968,17.455133,81.44163601801523,17.102743563783196
2024-04-26 09:00:00+01:00,9,False,82.51811,17.328802,79.45236260069869,16.684996146146723
2024-04-26 09:30:00+01:00,9,False,81.70008,17.157017,78.88622315032097,16.566106861567405
2024-04-26 10:00:00+01:00,10,False,76.626076,16.091475,73.84403914955594,15.507248221406746
2024-04-26 10:30:00+01:00,10,False,67.80802,14.239684,70.17369987138738,14.73647697299135
2024-04-26 11:00:00+01:00,11,False,68.3517,14.353856,67.75922743313072,14.22943776095745
2024-04-26 11:30:00+01:00,11,False,66.821144,14.03244,66.95007140795633,14.05951499567083
2024-04-26 12:00:00+01:00,12,False,66.45712,13.955996,68.51356898852563,14.387849487590383
2024-04-26 12:30:00+01:00,12,False,68.487335,14.3823395,68.00346785260436,14.280728249046915
2024-04-26 13:00:00+01:00,13,False,67.74904,14.227298,69.09260092891203,14.509446195071527
2024-04-26 13:30:00+01:00,13,False,62.458313,13.116245,66.59485059939605,13.98491862587317
2024-04-26 14:00:00+01:00,14,False,64.04393,13.449224,67.24906428984492,14.122303500867433
2024-04-26 14:30:00+01:00,14,False,61.46443,12.90753,65.08860708455892,13.668607487757372
2024-04-26 15:00:00+01:00,15,False,61.64229,12.9448805,64.81056591142065,13.610218841398337
2024-04-26 15:30:00+01:00,15,False,61.65918,12.948427,63.506664209219785,13.336399483936155
2024-04-26 16:00:00+01:00,16,True,61.368053,24.887291,66.10012402950431,25.881026046195906
2024-04-26 16:30:00+01:00,16,True,77.89008,28.356916,77.99819672794679,28.379621312868824
2024-04-26 17:00:00+01:00,17,True,80.719475,28.95109,81.91479885374979,29.202107759287454
2024-04-26 17:30:00+01:00,17,True,85.21492,29.895132,90.7274730051747,31.052769331086687
2024-04-26 18:00:00+01:00,18,True,89.243065,30.741043,91.31398106684767,31.175936024038013
2024-04-26 18:30:00+01:00,18,True,95.3214,32.017494,90.89823926818703,31.088630246319276
2024-04-26 19:00:00+01:00,19,False,88.05241,18.491005,87.98171046665803,18.476159197998186
2024-04-26 19:30:00+01:00,19,False,82.53381,17.3321,86.50058123792057,18.16512205996332
2024-04-26 20:00:00+01:00,20,False,85.38991,17.93188,85.91868873782425,18.04292463494309
2024-04-26 20:30:00+01:00,20,False,72.19836,15.161654,75.69403335901481,15.89574700539311
2024-04-26 21:00:00+01:00,21,False,76.41233,16.046589,76.91226259529425,16.151575145011794
2024-04-26 21:30:00+01:00,21,False,68.98459,14.486763,67.84103303666569,14.246616937699795
2024-04-26 22:00:00+01:00,22,False,70.78702,14.865273,68.74902216249787,14.437294654124551
2024-04-26 22:30:00+01:00,22,False,58.35399,12.254337,59.767569078232206,12.551189506428763
2024-04-26 23:00:00+01:00,23,False,62.061264,13.032865,65.82682801562059,13.823633883280324
2024-04-26 23:30:00+01:00,23,False,62.862305,13.201083,64.78665473937302,13.605197495268333
2024-04-27 00:00:00+01:00,0,False,64.12525,13.466303,61.81415764186598,12.980973104791856
2024-04-27 00:30:00+01:00,0,False,72.35815,15.19521,69.00241369624393,14.490506876211226
2024-04-27 01:00:00+01:00,1,False,72.02661,15.125587,65.98721207877165,13.857314536542045
2024-04-27 01:30:00+01:00,1,False,70.18287,14.738402,66.13405880852362,13.88815234978996
2024-04-27 02:00:00+01:00,2,False,69.946266,14.688715,66.98024175836856,14.065850769257398
2024-04-27 02:30:00+01:00,2,False,63.753647,13.388266,66.0200848270167,13.864217813673507
2024-04-27 03:00:00+01:00,3,False,64.36624,13.516911,65.05837743983797,13.662259262365973
2024-04-27 03:30:00+01:00,3,False,63.945538,13.428562,65.11630931155683,13.674424955426934
2024-04-27 04:00:00+01:00,4,False,67.40019,14.15404,66.2086205748854,13.903810320725933
2024-04-27 04:30:00+01:00,4,False,67.071945,14.085108,66.78202197153335,14.024224614022003
2024-04-27 05:00:00+01:00,5,False,67.70856,14.218797,67.11546219322139,14.09424706057649
2024-04-27 05:30:00+01:00,5,False,70.306046,14.764269,66.79263425700503,14.026453193971056
2024-04-27 06:00:00+01:00,6,False,68.057526,14.29208,67.0052765953442,14.071108085022281
2024-04-27 06:30:00+01:00,6,False,69.68003,14.632806,72.39552517342717,15.203060286419706
2024-04-27 07:00:00+01:00,7,False,61.66593,12.949845,63.88602333549114,13.416064900453138
2024-04-27 07:30:00+01:00,7,False,67.66974,14.210645,70.83914140061924,14.87621969413004
2024-04-27 08:00:00+01:00,8,False,66.45604,13.955768,70.55102447933886,14.81571514066116
2024-04-27 08:30:00+01:00,8,False,72.69854,15.266693,75.81139570297258,15.92039309762424
2024-04-27 09:00:00+01:00,9,False,72.78907,15.285705,74.48452581659036,15.641750421483975
2024-04-27 09:30:00+01:00,9,False,74.9904,15.747984,73.73878681325063,15.485145230782631
2024-04-27 10:00:00+01:00,10,False,72.445045,15.213459,72.74720703087316,15.276913476483362
2024-04-27 10:30:00+01:00,10,False,70.122475,14.725719,72.20598527163446,15.163256907043236
2024-04-27 11:00:00+01:00,11,False,66.59534,13.985021,72.00392895193484,15.120825079906316
2024-04-27 11:30:00+01:00,11,False,68.832596,14.454844,72.94319190024719,15.318070299051909
2024-04-27 12:00:00+01:00,12,False,68.0467,14.289806,70.80380404877049,14.868798850241802
2024-04-27 12:30:00+01:00,12,False,67.477745,14.170326,72.43681563617403,15.211731283596546
2024-04-27 13:00:00+01:00,13,False,64.43322,13.530975,73.9834425574627,15.536522937067165
2024-04-27 13:30:00+01:00,13,False,60.74996,12.757492,67.45963561905235,14.166523480000993
2024-04-27 14:00:00+01:00,14,False,64.24718,13.491907,68.62058451547688,14.410322748250143
2024-04-27 14:30:00+01:00,14,False,63.276356,13.288034,69.55700678306093,14.606971424442794
2024-04-27 15:00:00+01:00,15,False,60.387955,12.68147,66.02825875084557,13.865934337677569
2024-04-27 15:30:00+01:00,15,False,63.830612,13.4044285,67.22386303981393,14.117011238360925
2024-04-27 16:00:00+01:00,16,True,59.72061,24.541328,69.2312388593507,26.538560160463646
2024-04-27 16:30:00+01:00,16,True,65.06257,25.66314,71.92568165879413,27.104393148346766
2024-04-27 17:00:00+01:00,17,True,66.12649,25.886562,72.16925228748826,27.155542980372534
2024-04-27 17:30:00+01:00,17,True,70.599304,26.825853,85.28011753430965,29.908824682205026
2024-04-27 18:00:00+01:00,18,True,79.82237,28.762697,86.56628075897191,30.178918959384102
2024-04-27 18:30:00+01:00,18,True,86.38041,30.139885,85.9205081382304,30.043306709028386
2024-04-27 19:00:00+01:00,19,False,85.930695,18.045444,86.11502268578514,18.084154764014876
2024-04-27 19:30:00+01:00,19,False,82.35552,17.294659,83.42367144454161,17.518971003353737
2024-04-27 20:00:00+01:00,20,False,83.90256,17.619537,81.43942280230868,17.102278788484824
2024-04-27 20:30:00+01:00,20,False,76.76423,16.120487,76.34963490204284,16.033423329428995
2024-04-27 21:00:00+01:00,21,False,80.56275,16.918177,80.4235828613577,16.888952400885117
2024-04-27 21:30:00+01:00,21,False,71.89275,15.097478,69.07169255451821,14.505055436448822
2024-04-27 22:00:00+01:00,22,False,77.49087,16.27308,73.57844128108128,15.45147266902707
2024-04-27 22:30:00+01:00,22,False,61.966988,13.013067,62.2197719985939,13.066152119704718
2024-04-27 23:00:00+01:00,23,False,74.73958,15.695311,71.28715980458304,14.970303558962438
2024-04-27 23:30:00+01:00,23,False,75.35693,15.824956,67.06497496272385,14.083644742172009
2024-04-28 00:00:00+01:00,0,False,66.92474,14.054195,55.453073686483044,11.645145474161438
2024-04-28 00:30:00+01:00,0,False,77.181595,16.208134,63.41515685238935,13.317182939001764
2024-04-28 01:00:00+01:00,1,False,65.836136,13.825588,57.606225122417854,12.097307275707749
2024-04-28 01:30:00+01:00,1,False,65.187195,13.68931,55.48299467659306,11.651428882084542
2024-04-28 02:00:00+01:00,2,False,68.96706,14.483082,58.17586868978447,12.216932424854738
2024-04-28 02:30:00+01:00,2,False,67.47322,14.169376,57.70797769445249,12.118675315835022
2024-04-28 03:00:00+01:00,3,False,71.04596,14.919651,53.42292522357786,11.21881429695135
2024-04-28 03:30:00+01:00,3,False,66.285614,13.919978,49.367276388816805,10.36712804165153
2024-04-28 04:00:00+01:00,4,False,53.78724,11.29532,42.7446656164188,8.976379779447948
2024-04-28 04:30:00+01:00,4,False,53.133125,11.157956,42.95096914184429,9.019703519787301
2024-04-28 05:00:00+01:00,5,False,50.03455,10.507256,43.09590120112503,9.050139252236256
2024-04-28 05:30:00+01:00,5,False,53.985764,11.33701,44.67918646141966,9.382629156898128
2024-04-28 06:00:00+01:00,6,False,66.40457,13.94496,58.11816346843176,12.20481432837067
2024-04-28 06:30:00+01:00,6,False,56.921074,11.953425,63.31818354096017,13.296818543601635
2024-04-28 07:00:00+01:00,7,False,53.227043,11.177679,52.613076464301535,11.048746057503323
2024-04-28 07:30:00+01:00,7,False,63.4427,13.322967,59.72151081578213,12.541517271314246
2024-04-28 08:00:00+01:00,8,False,61.101833,12.831385,62.27647814530364,13.078060410513764
2024-04-28 08:30:00+01:00,8,False,74.93552,15.736458,70.3864640548031,14.78115745150865
2024-04-28 09:00:00+01:00,9,False,77.89038,16.35698,70.7064271681759,14.84834970531694
2024-04-28 09:30:00+01:00,9,False,72.88365,15.305567,74.04705346112287,15.549881226835803
2024-04-28 10:00:00+01:00,10,False,73.00425,15.330892,72.90355408642377,15.30974635814899
2024-04-28 10:30:00+01:00,10,False,72.86304,15.301237,71.29327424855201,14.971587592195922
2024-04-28 11:00:00+01:00,11,False,61.770256,12.971753,68.69165776354248,14.42524813034392
2024-04-28 11:30:00+01:00,11,False,59.04272,12.398971,70.8013306314061,14.868279432595282
2024-04-28 12:00:00+01:00,12,False,72.65896,15.258381,68.5442800436915,14.394298809175215
2024-04-28 12:30:00+01:00,12,False,71.84182,15.0867815,67.23155701082192,14.118626972272603
2024-04-28 13:00:00+01:00,13,False,66.4773,13.960233,67.04939780801477,14.080373539683102
2024-04-28 13:30:00+01:00,13,False,57.74991,12.1274805,66.47585621711266,13.959929805593658
2024-04-28 14:00:00+01:00,14,False,62.49983,13.124964,66.25640634237473,13.913845331898694
2024-04-28 14:30:00+01:00,14,False,64.26577,13.495811,66.57457752479172,13.980661280206261
2024-04-28 15:00:00+01:00,15,False,64.96877,13.643442,65.44441798734043,13.74332777734149
2024-04-28 15:30:00+01:00,15,False,61.441936,12.902806,67.10938959581419,14.09297181512098
2024-04-28 16:00:00+01:00,16,True,57.192158,24.010353,69.02658355018359,26.495582545538554
2024-04-28 16:30:00+01:00,16,True,64.743195,25.59607,75.49008344151339,27.85291752271781
2024-04-28 17:00:00+01:00,17,True,69.25828,26.544239,80.85518015260644,28.97958783204735
2024-04-28 17:30:00+01:00,17,True,73.84587,27.507633,85.98796310546757,30.05747225214819
2024-04-28 18:00:00+01:00,18,True,78.725464,28.532347,85.98796310546757,30.05747225214819
2024-04-28 18:30:00+01:00,18,True,82.95957,29.421509,83.88966645975017,29.616829956547537
2024-04-28 19:00:00+01:00,19,False,84.436844,17.731737,83.31571078693905,17.4962992652572
2024-04-28 19:30:00+01:00,19,False,83.41349,17.516832,83.06697540895081,17.44406483587967
2024-04-28 20:00:00+01:00,20,False,87.133095,18.297949,83.81971252889335,17.6021396310676
2024-04-28 20:30:00+01:00,20,False,83.47943,17.53068,79.0506071634657,16.600627504327797
2024-04-28 21:00:00+01:00,21,False,81.41536,17.097225,82.10188421246418,17.24139568461748
2024-04-28 21:30:00+01:00,21,False,73.72223,15.4816675,69.91769654787787,14.682716275054352
2024-04-28 22:00:00+01:00,22,False,71.49584,15.014127,73.26292160793744,15.385213537666862
2024-04-28 22:30:00+01:00,22,False,66.37165,13.938046,61.886801591754725,12.996228334268492
2024-04-28 23:00:00+01:00,23,False,68.70642,14.428348,70.57999416734636,14.821798775142735
2024-04-28 23:30:00+01:00,23,False,61.18038,12.847879,68.96185210176046,14.481988941369695
2024-04-29 00:00:00+01:00,0,False,57.518417,12.078867,60.66334597982751,12.739302655763776
2024-04-29 00:30:00+01:00,0,False,68.63869,14.414124,66.23193823898293,13.908707030186415
2024-04-29 01:00:00+01:00,1,False,61.24362,12.86116,61.59058907322623,12.93402370537751
2024-04-29 01:30:00+01:00,1,False,57.975136,12.174778,61.35239074696223,12.884002056862068
2024-04-29 02:00:00+01:00,2,False,59.85151,12.568816,61.96711221221304,13.013093564564738
2024-04-29 02:30:00+01:00,2,False,60.109905,12.623079,61.87300967534841,12.993332031823167
2024-04-29 03:00:00+01:00,3,False,59.902256,12.5794735,62.1975302906273,13.061481361031733
2024-04-29 03:30:00+01:00,3,False,60.967556,12.803186,62.34337911656383,13.092109614478405
2024-04-29 04:00:00+01:00,4,False,64.084595,13.457765,63.33493300745054,13.300335931564613
2024-04-29 04:30:00+01:00,4,False,61.376976,12.889165,63.11247511236748,13.253619773597169
2024-04-29 05:00:00+01:00,5,False,64.19173,13.480262,64.84112195783332,13.616635611144998
2024-04-29 05:30:00+01:00,5,False,64.81348,13.610829,65.38159560188426,13.730135076395694
2024-04-29 06:00:00+01:00,6,False,72.808075,15.289695,73.14133530330054,15.359680413693113
2024-04-29 06:30:00+01:00,6,False,77.90616,16.360292,77.18180656911717,16.208179379514604
2024-04-29 07:00:00+01:00,7,False,72.499695,15.224936,74.36553020391948,15.61676134282309
2024-04-29 07:30:00+01:00,7,False,85.30452,17.913948,85.26669079335677,17.906005066604923
2024-04-29 08:00:00+01:00,8,False,77.75893,16.329374,80.91432424624035,16.992008091710474
2024-04-29 08:30:00+01:00,8,False,77.71806,16.320793,83.5752364328273,17.550799650893733
2024-04-29 09:00:00+01:00,9,False,80.57225,16.920172,81.57300622564384,17.130331307385205
2024-04-29 09:30:00+01:00,9,False,76.499146,16.06482,79.55742013542292,16.70705822843881
2024-04-29 10:00:00+01:00,10,False,74.95953,15.741502,74.15342214191445,15.572218649802034
2024-04-29 10:30:00+01:00,10,False,71.02985,14.916267,70.50792016898816,14.806663235487514
2024-04-29 11:00:00+01:00,11,False,68.898895,14.468767,72.11433426577645,15.144010195813054
2024-04-29 11:30:00+01:00,11,False,71.312515,14.975628,72.3626036921733,15.196146775356391
2024-04-29 12:00:00+01:00,12,False,73.27295,15.387319,72.26422958883904,15.175488213656198
2024-04-29 12:30:00+01:00,12,False,71.47702,15.010174,70.96260171494461,14.902146360138367
2024-04-29 13:00:00+01:00,13,False,72.650635,15.256633,71.82560755689558,15.083377586948071
2024-04-29 13:30:00+01:00,13,False,70.6801,14.84282,68.10651535144203,14.302368223802825
2024-04-29 14:00:00+01:00,14,False,72.23857,15.170099,68.91276219614568,14.471680061190591
2024-04-29 14:30:00+01:00,14,False,70.64639,14.835742,66.87984201412006,14.044766822965212
2024-04-29 15:00:00+01:00,15,False,69.60138,14.616289,67.10167502732305,14.091351755737842
2024-04-29 15:30:00+01:00,15,False,69.86116,14.670843,67.448945642247,14.16427858487187
2024-04-29 16:00:00+01:00,16,True,70.15947,26.733488,68.36792378922289,26.357263995736805
2024-04-29 16:30:00+01:00,16,True,84.305466,29.704147,77.81112172693895,28.340335562657177
2024-04-29 17:00:00+01:00,17,True,86.71379,30.209896,82.84516796683523,29.3974852730354
2024-04-29 17:30:00+01:00,17,True,86.452194,30.15496,87.53899212589637,30.38318834643824
2024-04-29 18:00:00+01:00,18,True,92.02673,31.325613,89.78687143914274,30.855243002219975
2024-04-29 18:30:00+01:00,18,True,86.27474,30.117695,89.87227221737272,30.873177165648272
2024-04-29 19:00:00+01:00,19,False,89.415535,18.777262,87.71357051254142,18.4198498076337
2024-04-29 19:30:00+01:00,19,False,94.14254,19.769934,87.2864131587835,18.330146763344533
2024-04-29 20:00:00+01:00,20,False,92.73345,19.474024,88.12133196602953,18.5054797128662
2024-04-29 20:30:00+01:00,20,False,74.605644,15.667185,74.86882355298634,15.722452946127131
2024-04-29 21:00:00+01:00,21,False,71.95859,15.111303,76.95679122778888,16.160926157835664
2024-04-29 21:30:00+01:00,21,False,66.635956,13.99355,66.3392886000598,13.931250606012558
2024-04-29 22:00:00+01:00,22,False,66.74321,14.016073,68.53108823820659,14.391528530023384
2024-04-29 22:30:00+01:00,22,False,57.634296,12.103202,61.43936587295492,12.902266833320533
2024-04-29 23:00:00+01:00,23,False,64.31746,13.506666,67.06068653853224,14.08274417309177
2024-04-29 23:30:00+01:00,23,False,64.099434,13.46088,64.67679941315001,13.5821278767615
