Datetime,_id,Datetime,Date,Settlement_period,Capacity,Wind_Forecast,ForecastDatetime
2024-10-22 08:30:00,1,2024-10-22T08:30:00,2024-10-22,20,21347,10190,2024-10-22T08:00:19
2024-10-22 09:00:00,2,2024-10-22T09:00:00,2024-10-22,21,21347,10206,2024-10-22T08:00:19
2024-10-22 09:30:00,3,2024-10-22T09:30:00,2024-10-22,22,21347,10196,2024-10-22T08:00:19
2024-10-22 10:00:00,4,2024-10-22T10:00:00,2024-10-22,23,21347,10179,2024-10-22T08:00:19
2024-10-22 10:30:00,5,2024-10-22T10:30:00,2024-10-22,24,21347,10155,2024-10-22T08:00:19
2024-10-22 11:00:00,6,2024-10-22T11:00:00,2024-10-22,25,21347,10057,2024-10-22T08:00:19
2024-10-22 11:30:00,7,2024-10-22T11:30:00,2024-10-22,26,21347,9885,2024-10-22T08:00:19
2024-10-22 12:00:00,8,2024-10-22T12:00:00,2024-10-22,27,21347,9677,2024-10-22T08:00:19
2024-10-22 12:30:00,9,2024-10-22T12:30:00,2024-10-22,28,21347,9432,2024-10-22T08:00:19
2024-10-22 13:00:00,10,2024-10-22T13:00:00,2024-10-22,29,21347,9051,2024-10-22T08:00:19
2024-10-22 13:30:00,11,2024-10-22T13:30:00,2024-10-22,30,21347,8536,2024-10-22T08:00:19
2024-10-22 14:00:00,12,2024-10-22T14:00:00,2024-10-22,31,21347,7993,2024-10-22T08:00:19
2024-10-22 14:30:00,13,2024-10-22T14:30:00,2024-10-22,32,21347,7421,2024-10-22T08:00:19
2024-10-22 15:00:00,14,2024-10-22T15:00:00,2024-10-22,33,21347,6948,2024-10-22T08:00:19
2024-10-22 15:30:00,15,2024-10-22T15:30:00,2024-10-22,34,21347,6571,2024-10-22T08:00:19
2024-10-22 16:00:00,16,2024-10-22T16:00:00,2024-10-22,35,21347,6304,2024-10-22T08:00:19
2024-10-22 16:30:00,17,2024-10-22T16:30:00,2024-10-22,36,21347,6146,2024-10-22T08:00:19
2024-10-22 17:00:00,18,2024-10-22T17:00:00,2024-10-22,37,21347,6005,2024-10-22T08:00:19
2024-10-22 17:30:00,19,2024-10-22T17:30:00,2024-10-22,38,21347,5882,2024-10-22T08:00:19
2024-10-22 18:00:00,20,2024-10-22T18:00:00,2024-10-22,39,21347,5869,2024-10-22T08:00:19
2024-10-22 18:30:00,21,2024-10-22T18:30:00,2024-10-22,40,21347,5968,2024-10-22T08:00:19
2024-10-22 19:00:00,22,2024-10-22T19:00:00,2024-10-22,41,21347,6045,2024-10-22T08:00:19
2024-10-22 19:30:00,23,2024-10-22T19:30:00,2024-10-22,42,21347,6102,2024-10-22T08:00:19
2024-10-22 20:00:00,24,2024-10-22T20:00:00,2024-10-22,43,21347,6206,2024-10-22T08:00:19
2024-10-22 20:30:00,25,2024-10-22T20:30:00,2024-10-22,44,21347,6357,2024-10-22T08:00:19
2024-10-22 21:00:00,26,2024-10-22T21:00:00,2024-10-22,45,21347,6536,2024-10-22T08:00:19
2024-10-22 21:30:00,27,2024-10-22T21:30:00,2024-10-22,46,21347,6744,2024-10-22T08:00:19
2024-10-22 22:00:00,28,2024-10-22T22:00:00,2024-10-22,47,21347,6948,2024-10-22T08:00:19
2024-10-22 22:30:00,29,2024-10-22T22:30:00,2024-10-22,48,21347,7148,2024-10-22T08:00:19
2024-10-22 23:00:00,30,2024-10-22T23:00:00,2024-10-23,1,21347,7330,2024-10-22T08:00:19
2024-10-22 23:30:00,31,2024-10-22T23:30:00,2024-10-23,2,21347,7494,2024-10-22T08:00:19
2024-10-23 00:00:00,32,2024-10-23T00:00:00,2024-10-23,3,21347,7639,2024-10-22T08:00:19
2024-10-23 00:30:00,33,2024-10-23T00:30:00,2024-10-23,4,21347,7764,2024-10-22T08:00:19
2024-10-23 01:00:00,34,2024-10-23T01:00:00,2024-10-23,5,21347,7865,2024-10-22T08:00:19
2024-10-23 01:30:00,35,2024-10-23T01:30:00,2024-10-23,6,21347,7940,2024-10-22T08:00:19
2024-10-23 02:00:00,36,2024-10-23T02:00:00,2024-10-23,7,21347,7998,2024-10-22T08:00:19
2024-10-23 02:30:00,37,2024-10-23T02:30:00,2024-10-23,8,21347,8041,2024-10-22T08:00:19
2024-10-23 03:00:00,38,2024-10-23T03:00:00,2024-10-23,9,21347,8058,2024-10-22T08:00:19
2024-10-23 03:30:00,39,2024-10-23T03:30:00,2024-10-23,10,21347,8050,2024-10-22T08:00:19
2024-10-23 04:00:00,40,2024-10-23T04:00:00,2024-10-23,11,21347,8055,2024-10-22T08:00:19
2024-10-23 04:30:00,41,2024-10-23T04:30:00,2024-10-23,12,21347,8073,2024-10-22T08:00:19
2024-10-23 05:00:00,42,2024-10-23T05:00:00,2024-10-23,13,21347,8106,2024-10-22T08:00:19
2024-10-23 05:30:00,43,2024-10-23T05:30:00,2024-10-23,14,21347,8153,2024-10-22T08:00:19
2024-10-23 06:00:00,44,2024-10-23T06:00:00,2024-10-23,15,21347,8211,2024-10-22T08:00:19
2024-10-23 06:30:00,45,2024-10-23T06:30:00,2024-10-23,16,21347,8281,2024-10-22T08:00:19
2024-10-23 07:00:00,46,2024-10-23T07:00:00,2024-10-23,17,21347,8367,2024-10-22T08:00:19
2024-10-23 07:30:00,47,2024-10-23T07:30:00,2024-10-23,18,21347,8468,2024-10-22T08:00:19
2024-10-23 08:00:00,48,2024-10-23T08:00:00,2024-10-23,19,21347,8531,2024-10-22T08:00:19
2024-10-23 08:30:00,49,2024-10-23T08:30:00,2024-10-23,20,21347,8556,2024-10-22T08:00:19
2024-10-23 09:00:00,50,2024-10-23T09:00:00,2024-10-23,21,21347,8579,2024-10-22T08:00:19
2024-10-23 09:30:00,51,2024-10-23T09:30:00,2024-10-23,22,21347,8600,2024-10-22T08:00:19
2024-10-23 10:00:00,52,2024-10-23T10:00:00,2024-10-23,23,21347,8607,2024-10-22T08:00:19
2024-10-23 10:30:00,53,2024-10-23T10:30:00,2024-10-23,24,21347,8600,2024-10-22T08:00:19
2024-10-23 11:00:00,54,2024-10-23T11:00:00,2024-10-23,25,21347,8606,2024-10-22T08:00:19
2024-10-23 11:30:00,55,2024-10-23T11:30:00,2024-10-23,26,21347,8627,2024-10-22T08:00:19
2024-10-23 12:00:00,56,2024-10-23T12:00:00,2024-10-23,27,21347,8640,2024-10-22T08:00:19
2024-10-23 12:30:00,57,2024-10-23T12:30:00,2024-10-23,28,21347,8643,2024-10-22T08:00:19
2024-10-23 13:00:00,58,2024-10-23T13:00:00,2024-10-23,29,21347,8625,2024-10-22T08:00:19
2024-10-23 13:30:00,59,2024-10-23T13:30:00,2024-10-23,30,21347,8584,2024-10-22T08:00:19
2024-10-23 14:00:00,60,2024-10-23T14:00:00,2024-10-23,31,21347,8566,2024-10-22T08:00:19
2024-10-23 14:30:00,61,2024-10-23T14:30:00,2024-10-23,32,21347,8569,2024-10-22T08:00:19
2024-10-23 15:00:00,62,2024-10-23T15:00:00,2024-10-23,33,21347,8693,2024-10-22T08:00:19
2024-10-23 15:30:00,63,2024-10-23T15:30:00,2024-10-23,34,21347,8939,2024-10-22T08:00:19
2024-10-23 16:00:00,64,2024-10-23T16:00:00,2024-10-23,35,21347,9259,2024-10-22T08:00:19
2024-10-23 16:30:00,65,2024-10-23T16:30:00,2024-10-23,36,21347,9653,2024-10-22T08:00:19
2024-10-23 17:00:00,66,2024-10-23T17:00:00,2024-10-23,37,21347,10070,2024-10-22T08:00:19
2024-10-23 17:30:00,67,2024-10-23T17:30:00,2024-10-23,38,21347,10508,2024-10-22T08:00:19
2024-10-23 18:00:00,68,2024-10-23T18:00:00,2024-10-23,39,21347,10966,2024-10-22T08:00:19
2024-10-23 18:30:00,69,2024-10-23T18:30:00,2024-10-23,40,21347,11443,2024-10-22T08:00:19
2024-10-23 19:00:00,70,2024-10-23T19:00:00,2024-10-23,41,21347,11919,2024-10-22T08:00:19
2024-10-23 19:30:00,71,2024-10-23T19:30:00,2024-10-23,42,21347,12394,2024-10-22T08:00:19
2024-10-23 20:00:00,72,2024-10-23T20:00:00,2024-10-23,43,21347,12840,2024-10-22T08:00:19
2024-10-23 20:30:00,73,2024-10-23T20:30:00,2024-10-23,44,21347,13259,2024-10-22T08:00:19
2024-10-23 21:00:00,74,2024-10-23T21:00:00,2024-10-23,45,21347,13541,2024-10-22T08:00:19
2024-10-23 21:30:00,75,2024-10-23T21:30:00,2024-10-23,46,21347,13687,2024-10-22T08:00:19
2024-10-23 22:00:00,76,2024-10-23T22:00:00,2024-10-23,47,21347,13832,2024-10-22T08:00:19
2024-10-23 22:30:00,77,2024-10-23T22:30:00,2024-10-23,48,21347,13978,2024-10-22T08:00:19
2024-10-23 23:00:00,78,2024-10-23T23:00:00,2024-10-24,1,21347,14118,2024-10-22T08:00:19
2024-10-23 23:30:00,79,2024-10-23T23:30:00,2024-10-24,2,21347,14253,2024-10-22T08:00:19
2024-10-24 00:00:00,80,2024-10-24T00:00:00,2024-10-24,3,21347,14358,2024-10-22T08:00:19
2024-10-24 00:30:00,81,2024-10-24T00:30:00,2024-10-24,4,21347,14432,2024-10-22T08:00:19
2024-10-24 01:00:00,82,2024-10-24T01:00:00,2024-10-24,5,21347,14505,2024-10-22T08:00:19
2024-10-24 01:30:00,83,2024-10-24T01:30:00,2024-10-24,6,21347,14577,2024-10-22T08:00:19
2024-10-24 02:00:00,84,2024-10-24T02:00:00,2024-10-24,7,21347,14647,2024-10-22T08:00:19
2024-10-24 02:30:00,85,2024-10-24T02:30:00,2024-10-24,8,21347,14716,2024-10-22T08:00:19
2024-10-24 03:00:00,86,2024-10-24T03:00:00,2024-10-24,9,21347,14778,2024-10-22T08:00:19
2024-10-24 03:30:00,87,2024-10-24T03:30:00,2024-10-24,10,21347,14834,2024-10-22T08:00:19
2024-10-24 04:00:00,88,2024-10-24T04:00:00,2024-10-24,11,21347,14888,2024-10-22T08:00:19
2024-10-24 04:30:00,89,2024-10-24T04:30:00,2024-10-24,12,21347,14940,2024-10-22T08:00:19
2024-10-24 05:00:00,90,2024-10-24T05:00:00,2024-10-24,13,21347,14989,2024-10-22T08:00:19
2024-10-24 05:30:00,91,2024-10-24T05:30:00,2024-10-24,14,21347,15037,2024-10-22T08:00:19
2024-10-24 06:00:00,92,2024-10-24T06:00:00,2024-10-24,15,21347,15111,2024-10-22T08:00:19
2024-10-24 06:30:00,93,2024-10-24T06:30:00,2024-10-24,16,21347,15211,2024-10-22T08:00:19
2024-10-24 07:00:00,94,2024-10-24T07:00:00,2024-10-24,17,21347,15298,2024-10-22T08:00:19
2024-10-24 07:30:00,95,2024-10-24T07:30:00,2024-10-24,18,21347,15372,2024-10-22T08:00:19
2024-10-24 08:00:00,96,2024-10-24T08:00:00,2024-10-24,19,21347,15441,2024-10-22T08:00:19
2024-10-24 08:30:00,97,2024-10-24T08:30:00,2024-10-24,20,21347,15507,2024-10-22T08:00:19
2024-10-24 09:00:00,98,2024-10-24T09:00:00,2024-10-24,21,21347,15547,2024-10-22T08:00:19
2024-10-24 09:30:00,99,2024-10-24T09:30:00,2024-10-24,22,21347,15561,2024-10-22T08:00:19
2024-10-24 10:00:00,100,2024-10-24T10:00:00,2024-10-24,23,21347,15562,2024-10-22T08:00:19
2024-10-24 10:30:00,101,2024-10-24T10:30:00,2024-10-24,24,21347,15552,2024-10-22T08:00:19
2024-10-24 11:00:00,102,2024-10-24T11:00:00,2024-10-24,25,21347,15540,2024-10-22T08:00:19
2024-10-24 11:30:00,103,2024-10-24T11:30:00,2024-10-24,26,21347,15526,2024-10-22T08:00:19
2024-10-24 12:00:00,104,2024-10-24T12:00:00,2024-10-24,27,21347,15527,2024-10-22T08:00:19
2024-10-24 12:30:00,105,2024-10-24T12:30:00,2024-10-24,28,21347,15543,2024-10-22T08:00:19
2024-10-24 13:00:00,106,2024-10-24T13:00:00,2024-10-24,29,21347,15552,2024-10-22T08:00:19
2024-10-24 13:30:00,107,2024-10-24T13:30:00,2024-10-24,30,21347,15555,2024-10-22T08:00:19
2024-10-24 14:00:00,108,2024-10-24T14:00:00,2024-10-24,31,21347,15541,2024-10-22T08:00:19
2024-10-24 14:30:00,109,2024-10-24T14:30:00,2024-10-24,32,21347,15512,2024-10-22T08:00:19
2024-10-24 15:00:00,110,2024-10-24T15:00:00,2024-10-24,33,21347,15514,2024-10-22T08:00:19
2024-10-24 15:30:00,111,2024-10-24T15:30:00,2024-10-24,34,21347,15549,2024-10-22T08:00:19
2024-10-24 16:00:00,112,2024-10-24T16:00:00,2024-10-24,35,21347,15573,2024-10-22T08:00:19
2024-10-24 16:30:00,113,2024-10-24T16:30:00,2024-10-24,36,21347,15587,2024-10-22T08:00:19
2024-10-24 17:00:00,114,2024-10-24T17:00:00,2024-10-24,37,21347,15590,2024-10-22T08:00:19
2024-10-24 17:30:00,115,2024-10-24T17:30:00,2024-10-24,38,21347,15583,2024-10-22T08:00:19
2024-10-24 18:00:00,116,2024-10-24T18:00:00,2024-10-24,39,21347,15483,2024-10-22T08:00:19
2024-10-24 18:30:00,117,2024-10-24T18:30:00,2024-10-24,40,21347,15291,2024-10-22T08:00:19
2024-10-24 19:00:00,118,2024-10-24T19:00:00,2024-10-24,41,21347,15085,2024-10-22T08:00:19
2024-10-24 19:30:00,119,2024-10-24T19:30:00,2024-10-24,42,21347,14866,2024-10-22T08:00:19
2024-10-24 20:00:00,120,2024-10-24T20:00:00,2024-10-24,43,21347,14636,2024-10-22T08:00:19
2024-10-24 20:30:00,121,2024-10-24T20:30:00,2024-10-24,44,21347,14396,2024-10-22T08:00:19
2024-10-24 21:00:00,122,2024-10-24T21:00:00,2024-10-24,45,21347,14149,2024-10-22T08:00:19
2024-10-24 21:30:00,123,2024-10-24T21:30:00,2024-10-24,46,21347,13895,2024-10-22T08:00:19
2024-10-24 22:00:00,124,2024-10-24T22:00:00,2024-10-24,47,21347,13626,2024-10-22T08:00:19
2024-10-24 22:30:00,125,2024-10-24T22:30:00,2024-10-24,48,21347,13341,2024-10-22T08:00:19
2024-10-24 23:00:00,126,2024-10-24T23:00:00,2024-10-25,1,21347,13041,2024-10-22T08:00:19
2024-10-24 23:30:00,127,2024-10-24T23:30:00,2024-10-25,2,21347,12724,2024-10-22T08:00:19
2024-10-25 00:00:00,128,2024-10-25T00:00:00,2024-10-25,3,21347,12484,2024-10-22T08:00:19
2024-10-25 00:30:00,129,2024-10-25T00:30:00,2024-10-25,4,21347,12319,2024-10-22T08:00:19
2024-10-25 01:00:00,130,2024-10-25T01:00:00,2024-10-25,5,21347,12149,2024-10-22T08:00:19
2024-10-25 01:30:00,131,2024-10-25T01:30:00,2024-10-25,6,21347,11973,2024-10-22T08:00:19
2024-10-25 02:00:00,132,2024-10-25T02:00:00,2024-10-25,7,21347,11796,2024-10-22T08:00:19
2024-10-25 02:30:00,133,2024-10-25T02:30:00,2024-10-25,8,21347,11617,2024-10-22T08:00:19
2024-10-25 03:00:00,134,2024-10-25T03:00:00,2024-10-25,9,21347,11522,2024-10-22T08:00:19
2024-10-25 03:30:00,135,2024-10-25T03:30:00,2024-10-25,10,21347,11511,2024-10-22T08:00:19
2024-10-25 04:00:00,136,2024-10-25T04:00:00,2024-10-25,11,21347,11498,2024-10-22T08:00:19
2024-10-25 04:30:00,137,2024-10-25T04:30:00,2024-10-25,12,21347,11484,2024-10-22T08:00:19
2024-10-25 05:00:00,138,2024-10-25T05:00:00,2024-10-25,13,21347,11468,2024-10-22T08:00:19
2024-10-25 05:30:00,139,2024-10-25T05:30:00,2024-10-25,14,21347,11451,2024-10-22T08:00:19
2024-10-25 06:00:00,140,2024-10-25T06:00:00,2024-10-25,15,21347,11449,2024-10-22T08:00:19
2024-10-25 06:30:00,141,2024-10-25T06:30:00,2024-10-25,16,21347,11462,2024-10-22T08:00:19
2024-10-25 07:00:00,142,2024-10-25T07:00:00,2024-10-25,17,21347,11473,2024-10-22T08:00:19
2024-10-25 07:30:00,143,2024-10-25T07:30:00,2024-10-25,18,21347,11483,2024-10-22T08:00:19
2024-10-25 08:00:00,144,2024-10-25T08:00:00,2024-10-25,19,21347,11491,2024-10-22T08:00:19
2024-10-25 08:30:00,145,2024-10-25T08:30:00,2024-10-25,20,21347,11498,2024-10-22T08:00:19
2024-10-25 09:00:00,146,2024-10-25T09:00:00,2024-10-25,21,21347,11539,2024-10-22T08:00:19
2024-10-25 09:30:00,147,2024-10-25T09:30:00,2024-10-25,22,21347,11614,2024-10-22T08:00:19
2024-10-25 10:00:00,148,2024-10-25T10:00:00,2024-10-25,23,21347,11688,2024-10-22T08:00:19
2024-10-25 10:30:00,149,2024-10-25T10:30:00,2024-10-25,24,21347,11762,2024-10-22T08:00:19
2024-10-25 11:00:00,150,2024-10-25T11:00:00,2024-10-25,25,21347,11834,2024-10-22T08:00:19
2024-10-25 11:30:00,151,2024-10-25T11:30:00,2024-10-25,26,21347,11905,2024-10-22T08:00:19
2024-10-25 12:00:00,152,2024-10-25T12:00:00,2024-10-25,27,21347,11939,2024-10-22T08:00:19
2024-10-25 12:30:00,153,2024-10-25T12:30:00,2024-10-25,28,21347,11935,2024-10-22T08:00:19
2024-10-25 13:00:00,154,2024-10-25T13:00:00,2024-10-25,29,21347,11930,2024-10-22T08:00:19
2024-10-25 13:30:00,155,2024-10-25T13:30:00,2024-10-25,30,21347,11924,2024-10-22T08:00:19
2024-10-25 14:00:00,156,2024-10-25T14:00:00,2024-10-25,31,21347,11926,2024-10-22T08:00:19
2024-10-25 14:30:00,157,2024-10-25T14:30:00,2024-10-25,32,21347,11935,2024-10-22T08:00:19
2024-10-25 15:00:00,158,2024-10-25T15:00:00,2024-10-25,33,21347,11956,2024-10-22T08:00:19
2024-10-25 15:30:00,159,2024-10-25T15:30:00,2024-10-25,34,21347,11991,2024-10-22T08:00:19
2024-10-25 16:00:00,160,2024-10-25T16:00:00,2024-10-25,35,21347,12023,2024-10-22T08:00:19
2024-10-25 16:30:00,161,2024-10-25T16:30:00,2024-10-25,36,21347,12054,2024-10-22T08:00:19
2024-10-25 17:00:00,162,2024-10-25T17:00:00,2024-10-25,37,21347,12083,2024-10-22T08:00:19
2024-10-25 17:30:00,163,2024-10-25T17:30:00,2024-10-25,38,21347,12111,2024-10-22T08:00:19
2024-10-25 18:00:00,164,2024-10-25T18:00:00,2024-10-25,39,21347,12110,2024-10-22T08:00:19
2024-10-25 18:30:00,165,2024-10-25T18:30:00,2024-10-25,40,21347,12081,2024-10-22T08:00:19
2024-10-25 19:00:00,166,2024-10-25T19:00:00,2024-10-25,41,21347,12079,2024-10-22T08:00:19
2024-10-25 19:30:00,167,2024-10-25T19:30:00,2024-10-25,42,21347,12104,2024-10-22T08:00:19
2024-10-25 20:00:00,168,2024-10-25T20:00:00,2024-10-25,43,21347,12097,2024-10-22T08:00:19
2024-10-25 20:30:00,169,2024-10-25T20:30:00,2024-10-25,44,21347,12060,2024-10-22T08:00:19
2024-10-25 21:00:00,170,2024-10-25T21:00:00,2024-10-25,45,21347,12057,2024-10-22T08:00:19
2024-10-25 21:30:00,171,2024-10-25T21:30:00,2024-10-25,46,21347,12090,2024-10-22T08:00:19
2024-10-25 22:00:00,172,2024-10-25T22:00:00,2024-10-25,47,21347,12120,2024-10-22T08:00:19
2024-10-25 22:30:00,173,2024-10-25T22:30:00,2024-10-25,48,21347,12148,2024-10-22T08:00:19
2024-10-25 23:00:00,174,2024-10-25T23:00:00,2024-10-26,1,21347,12173,2024-10-22T08:00:19
2024-10-25 23:30:00,175,2024-10-25T23:30:00,2024-10-26,2,21347,12196,2024-10-22T08:00:19
2024-10-26 00:00:00,176,2024-10-26T00:00:00,2024-10-26,3,21347,12296,2024-10-22T08:00:19
2024-10-26 00:30:00,177,2024-10-26T00:30:00,2024-10-26,4,21347,12473,2024-10-22T08:00:19
2024-10-26 01:00:00,178,2024-10-26T01:00:00,2024-10-26,5,21347,12638,2024-10-22T08:00:19
2024-10-26 01:30:00,179,2024-10-26T01:30:00,2024-10-26,6,21347,12793,2024-10-22T08:00:19
2024-10-26 02:00:00,180,2024-10-26T02:00:00,2024-10-26,7,21347,12935,2024-10-22T08:00:19
2024-10-26 02:30:00,181,2024-10-26T02:30:00,2024-10-26,8,21347,13063,2024-10-22T08:00:19
2024-10-26 03:00:00,182,2024-10-26T03:00:00,2024-10-26,9,21347,13237,2024-10-22T08:00:19
2024-10-26 03:30:00,183,2024-10-26T03:30:00,2024-10-26,10,21347,13457,2024-10-22T08:00:19
2024-10-26 04:00:00,184,2024-10-26T04:00:00,2024-10-26,11,21347,13662,2024-10-22T08:00:19
2024-10-26 04:30:00,185,2024-10-26T04:30:00,2024-10-26,12,21347,13854,2024-10-22T08:00:19
2024-10-26 05:00:00,186,2024-10-26T05:00:00,2024-10-26,13,21347,14031,2024-10-22T08:00:19
2024-10-26 05:30:00,187,2024-10-26T05:30:00,2024-10-26,14,21347,14193,2024-10-22T08:00:19
2024-10-26 06:00:00,188,2024-10-26T06:00:00,2024-10-26,15,21347,14387,2024-10-22T08:00:19
2024-10-26 06:30:00,189,2024-10-26T06:30:00,2024-10-26,16,21347,14612,2024-10-22T08:00:19
2024-10-26 07:00:00,190,2024-10-26T07:00:00,2024-10-26,17,21347,14797,2024-10-22T08:00:19
2024-10-26 07:30:00,191,2024-10-26T07:30:00,2024-10-26,18,21347,14941,2024-10-22T08:00:19
2024-10-26 08:00:00,192,2024-10-26T08:00:00,2024-10-26,19,21347,15050,2024-10-22T08:00:19
2024-10-26 08:30:00,193,2024-10-26T08:30:00,2024-10-26,20,21347,15123,2024-10-22T08:00:19
2024-10-26 09:00:00,194,2024-10-26T09:00:00,2024-10-26,21,21347,15280,2024-10-22T08:00:19
2024-10-26 09:30:00,195,2024-10-26T09:30:00,2024-10-26,22,21347,15521,2024-10-22T08:00:19
2024-10-26 10:00:00,196,2024-10-26T10:00:00,2024-10-26,23,21347,15726,2024-10-22T08:00:19
2024-10-26 10:30:00,197,2024-10-26T10:30:00,2024-10-26,24,21347,15895,2024-10-22T08:00:19
2024-10-26 11:00:00,198,2024-10-26T11:00:00,2024-10-26,25,21347,16030,2024-10-22T08:00:19
2024-10-26 11:30:00,199,2024-10-26T11:30:00,2024-10-26,26,21347,16133,2024-10-22T08:00:19
2024-10-26 12:00:00,200,2024-10-26T12:00:00,2024-10-26,27,21347,16226,2024-10-22T08:00:19
2024-10-26 12:30:00,201,2024-10-26T12:30:00,2024-10-26,28,21347,16310,2024-10-22T08:00:19
2024-10-26 13:00:00,202,2024-10-26T13:00:00,2024-10-26,29,21347,16324,2024-10-22T08:00:19
2024-10-26 13:30:00,203,2024-10-26T13:30:00,2024-10-26,30,21347,16266,2024-10-22T08:00:19
2024-10-26 14:00:00,204,2024-10-26T14:00:00,2024-10-26,31,21347,16148,2024-10-22T08:00:19
2024-10-26 14:30:00,205,2024-10-26T14:30:00,2024-10-26,32,21347,15969,2024-10-22T08:00:19
2024-10-26 15:00:00,206,2024-10-26T15:00:00,2024-10-26,33,21347,15883,2024-10-22T08:00:19
2024-10-26 15:30:00,207,2024-10-26T15:30:00,2024-10-26,34,21347,15889,2024-10-22T08:00:19
2024-10-26 16:00:00,208,2024-10-26T16:00:00,2024-10-26,35,21347,15835,2024-10-22T08:00:19
2024-10-26 16:30:00,209,2024-10-26T16:30:00,2024-10-26,36,21347,15719,2024-10-22T08:00:19
2024-10-26 17:00:00,210,2024-10-26T17:00:00,2024-10-26,37,21347,15567,2024-10-22T08:00:19
2024-10-26 17:30:00,211,2024-10-26T17:30:00,2024-10-26,38,21347,15378,2024-10-22T08:00:19
2024-10-26 18:00:00,212,2024-10-26T18:00:00,2024-10-26,39,21347,15265,2024-10-22T08:00:19
2024-10-26 18:30:00,213,2024-10-26T18:30:00,2024-10-26,40,21347,15229,2024-10-22T08:00:19
2024-10-26 19:00:00,214,2024-10-26T19:00:00,2024-10-26,41,21347,15190,2024-10-22T08:00:19
2024-10-26 19:30:00,215,2024-10-26T19:30:00,2024-10-26,42,21347,15147,2024-10-22T08:00:19
2024-10-26 20:00:00,216,2024-10-26T20:00:00,2024-10-26,43,21347,15101,2024-10-22T08:00:19
2024-10-26 20:30:00,217,2024-10-26T20:30:00,2024-10-26,44,21347,15051,2024-10-22T08:00:19
2024-10-26 21:00:00,218,2024-10-26T21:00:00,2024-10-26,45,21347,15003,2024-10-22T08:00:19
2024-10-26 21:30:00,219,2024-10-26T21:30:00,2024-10-26,46,21347,14957,2024-10-22T08:00:19
2024-10-26 22:00:00,220,2024-10-26T22:00:00,2024-10-26,47,21347,14907,2024-10-22T08:00:19
2024-10-26 22:30:00,221,2024-10-26T22:30:00,2024-10-26,48,21347,14854,2024-10-22T08:00:19
2024-10-26 23:00:00,222,2024-10-26T23:00:00,2024-10-27,1,21347,14797,2024-10-22T08:00:19
2024-10-26 23:30:00,223,2024-10-26T23:30:00,2024-10-27,2,21347,14737,2024-10-22T08:00:19
2024-10-27 00:00:00,224,2024-10-27T00:00:00,2024-10-27,3,21347,14704,2024-10-22T08:00:19
2024-10-27 00:30:00,225,2024-10-27T00:30:00,2024-10-27,4,21347,14698,2024-10-22T08:00:19
2024-10-27 01:00:00,226,2024-10-27T01:00:00,2024-10-27,5,21347,14692,2024-10-22T08:00:19
2024-10-27 01:30:00,227,2024-10-27T01:30:00,2024-10-27,6,21347,14684,2024-10-22T08:00:19
2024-10-27 02:00:00,228,2024-10-27T02:00:00,2024-10-27,7,21347,14676,2024-10-22T08:00:19
2024-10-27 02:30:00,229,2024-10-27T02:30:00,2024-10-27,8,21347,14667,2024-10-22T08:00:19
2024-10-27 03:00:00,230,2024-10-27T03:00:00,2024-10-27,9,21347,14690,2024-10-22T08:00:19
2024-10-27 03:30:00,231,2024-10-27T03:30:00,2024-10-27,10,21347,14744,2024-10-22T08:00:19
2024-10-27 04:00:00,232,2024-10-27T04:00:00,2024-10-27,11,21347,14797,2024-10-22T08:00:19
2024-10-27 04:30:00,233,2024-10-27T04:30:00,2024-10-27,12,21347,14848,2024-10-22T08:00:19
2024-10-27 05:00:00,234,2024-10-27T05:00:00,2024-10-27,13,21347,14897,2024-10-22T08:00:19
2024-10-27 05:30:00,235,2024-10-27T05:30:00,2024-10-27,14,21347,14945,2024-10-22T08:00:19
2024-10-27 06:00:00,236,2024-10-27T06:00:00,2024-10-27,15,21347,15009,2024-10-22T08:00:19
2024-10-27 06:30:00,237,2024-10-27T06:30:00,2024-10-27,16,21347,15091,2024-10-22T08:00:19
2024-10-27 07:00:00,238,2024-10-27T07:00:00,2024-10-27,17,21347,15169,2024-10-22T08:00:19
2024-10-27 07:30:00,239,2024-10-27T07:30:00,2024-10-27,18,21347,15245,2024-10-22T08:00:19
2024-10-27 08:00:00,240,2024-10-27T08:00:00,2024-10-27,19,21347,15317,2024-10-22T08:00:19
2024-10-27 08:30:00,241,2024-10-27T08:30:00,2024-10-27,20,21347,15386,2024-10-22T08:00:19
2024-10-27 09:00:00,242,2024-10-27T09:00:00,2024-10-27,21,21347,15489,2024-10-22T08:00:19
2024-10-27 09:30:00,243,2024-10-27T09:30:00,2024-10-27,22,21347,15627,2024-10-22T08:00:19
2024-10-27 10:00:00,244,2024-10-27T10:00:00,2024-10-27,23,21347,15759,2024-10-22T08:00:19
2024-10-27 10:30:00,245,2024-10-27T10:30:00,2024-10-27,24,21347,15888,2024-10-22T08:00:19
2024-10-27 11:00:00,246,2024-10-27T11:00:00,2024-10-27,25,21347,16011,2024-10-22T08:00:19
2024-10-27 11:30:00,247,2024-10-27T11:30:00,2024-10-27,26,21347,16130,2024-10-22T08:00:19
2024-10-27 12:00:00,248,2024-10-27T12:00:00,2024-10-27,27,21347,16221,2024-10-22T08:00:19
2024-10-27 12:30:00,249,2024-10-27T12:30:00,2024-10-27,28,21347,16285,2024-10-22T08:00:19
2024-10-27 13:00:00,250,2024-10-27T13:00:00,2024-10-27,29,21347,16345,2024-10-22T08:00:19
2024-10-27 13:30:00,251,2024-10-27T13:30:00,2024-10-27,30,21347,16401,2024-10-22T08:00:19
2024-10-27 14:00:00,252,2024-10-27T14:00:00,2024-10-27,31,21347,16453,2024-10-22T08:00:19
2024-10-27 14:30:00,253,2024-10-27T14:30:00,2024-10-27,32,21347,16502,2024-10-22T08:00:19
2024-10-27 15:00:00,254,2024-10-27T15:00:00,2024-10-27,33,21347,16539,2024-10-22T08:00:19
2024-10-27 15:30:00,255,2024-10-27T15:30:00,2024-10-27,34,21347,16565,2024-10-22T08:00:19
2024-10-27 16:00:00,256,2024-10-27T16:00:00,2024-10-27,35,21347,16587,2024-10-22T08:00:19
2024-10-27 16:30:00,257,2024-10-27T16:30:00,2024-10-27,36,21347,16605,2024-10-22T08:00:19
2024-10-27 17:00:00,258,2024-10-27T17:00:00,2024-10-27,37,21347,16620,2024-10-22T08:00:19
2024-10-27 17:30:00,259,2024-10-27T17:30:00,2024-10-27,38,21347,16631,2024-10-22T08:00:19
2024-10-27 18:00:00,260,2024-10-27T18:00:00,2024-10-27,39,21347,16676,2024-10-22T08:00:19
2024-10-27 18:30:00,261,2024-10-27T18:30:00,2024-10-27,40,21347,16755,2024-10-22T08:00:19
2024-10-27 19:00:00,262,2024-10-27T19:00:00,2024-10-27,41,21347,16831,2024-10-22T08:00:19
2024-10-27 19:30:00,263,2024-10-27T19:30:00,2024-10-27,42,21347,16905,2024-10-22T08:00:19
2024-10-27 20:00:00,264,2024-10-27T20:00:00,2024-10-27,43,21347,16977,2024-10-22T08:00:19
2024-10-27 20:30:00,265,2024-10-27T20:30:00,2024-10-27,44,21347,17046,2024-10-22T08:00:19
2024-10-27 21:00:00,266,2024-10-27T21:00:00,2024-10-27,45,21347,17067,2024-10-22T08:00:19
2024-10-27 21:30:00,267,2024-10-27T21:30:00,2024-10-27,46,21347,17039,2024-10-22T08:00:19
2024-10-27 22:00:00,268,2024-10-27T22:00:00,2024-10-27,47,21347,17009,2024-10-22T08:00:19
2024-10-27 22:30:00,269,2024-10-27T22:30:00,2024-10-27,48,21347,16977,2024-10-22T08:00:19
2024-10-27 23:00:00,270,2024-10-27T23:00:00,2024-10-27,49,21347,16943,2024-10-22T08:00:19
2024-10-27 23:30:00,271,2024-10-27T23:30:00,2024-10-27,50,21347,16907,2024-10-22T08:00:19
2024-10-28 00:00:00,272,2024-10-28T00:00:00,2024-10-28,1,21347,16885,2024-10-22T08:00:19
2024-10-28 00:30:00,273,2024-10-28T00:30:00,2024-10-28,2,21347,16878,2024-10-22T08:00:19
2024-10-28 01:00:00,274,2024-10-28T01:00:00,2024-10-28,3,21347,16869,2024-10-22T08:00:19
2024-10-28 01:30:00,275,2024-10-28T01:30:00,2024-10-28,4,21347,16861,2024-10-22T08:00:19
2024-10-28 02:00:00,276,2024-10-28T02:00:00,2024-10-28,5,21347,16851,2024-10-22T08:00:19
2024-10-28 02:30:00,277,2024-10-28T02:30:00,2024-10-28,6,21347,16841,2024-10-22T08:00:19
2024-10-28 03:00:00,278,2024-10-28T03:00:00,2024-10-28,7,21347,16791,2024-10-22T08:00:19
2024-10-28 03:30:00,279,2024-10-28T03:30:00,2024-10-28,8,21347,16701,2024-10-22T08:00:19
2024-10-28 04:00:00,280,2024-10-28T04:00:00,2024-10-28,9,21347,16609,2024-10-22T08:00:19
2024-10-28 04:30:00,281,2024-10-28T04:30:00,2024-10-28,10,21347,16514,2024-10-22T08:00:19
2024-10-28 05:00:00,282,2024-10-28T05:00:00,2024-10-28,11,21347,16417,2024-10-22T08:00:19
2024-10-28 05:30:00,283,2024-10-28T05:30:00,2024-10-28,12,21347,16317,2024-10-22T08:00:19
2024-10-28 06:00:00,284,2024-10-28T06:00:00,2024-10-28,13,21347,16272,2024-10-22T08:00:19
2024-10-28 06:30:00,285,2024-10-28T06:30:00,2024-10-28,14,21347,16282,2024-10-22T08:00:19
2024-10-28 07:00:00,286,2024-10-28T07:00:00,2024-10-28,15,21347,16291,2024-10-22T08:00:19
2024-10-28 07:30:00,287,2024-10-28T07:30:00,2024-10-28,16,21347,16300,2024-10-22T08:00:19
2024-10-28 08:00:00,288,2024-10-28T08:00:00,2024-10-28,17,21347,16307,2024-10-22T08:00:19
2024-10-28 08:30:00,289,2024-10-28T08:30:00,2024-10-28,18,21347,16314,2024-10-22T08:00:19
2024-10-28 09:00:00,290,2024-10-28T09:00:00,2024-10-28,19,21347,16321,2024-10-22T08:00:19
2024-10-28 09:30:00,291,2024-10-28T09:30:00,2024-10-28,20,21347,16329,2024-10-22T08:00:19
2024-10-28 10:00:00,292,2024-10-28T10:00:00,2024-10-28,21,21347,16334,2024-10-22T08:00:19
2024-10-28 10:30:00,293,2024-10-28T10:30:00,2024-10-28,22,21347,16336,2024-10-22T08:00:19
2024-10-28 11:00:00,294,2024-10-28T11:00:00,2024-10-28,23,21347,16334,2024-10-22T08:00:19
2024-10-28 11:30:00,295,2024-10-28T11:30:00,2024-10-28,24,21347,16330,2024-10-22T08:00:19
2024-10-28 12:00:00,296,2024-10-28T12:00:00,2024-10-28,25,21347,16332,2024-10-22T08:00:19
2024-10-28 12:30:00,297,2024-10-28T12:30:00,2024-10-28,26,21347,16340,2024-10-22T08:00:19
2024-10-28 13:00:00,298,2024-10-28T13:00:00,2024-10-28,27,21347,16347,2024-10-22T08:00:19
2024-10-28 13:30:00,299,2024-10-28T13:30:00,2024-10-28,28,21347,16354,2024-10-22T08:00:19
2024-10-28 14:00:00,300,2024-10-28T14:00:00,2024-10-28,29,21347,16359,2024-10-22T08:00:19
2024-10-28 14:30:00,301,2024-10-28T14:30:00,2024-10-28,30,21347,16363,2024-10-22T08:00:19
2024-10-28 15:00:00,302,2024-10-28T15:00:00,2024-10-28,31,21347,16289,2024-10-22T08:00:19
2024-10-28 15:30:00,303,2024-10-28T15:30:00,2024-10-28,32,21347,16135,2024-10-22T08:00:19
2024-10-28 16:00:00,304,2024-10-28T16:00:00,2024-10-28,33,21347,15979,2024-10-22T08:00:19
2024-10-28 16:30:00,305,2024-10-28T16:30:00,2024-10-28,34,21347,15819,2024-10-22T08:00:19
2024-10-28 17:00:00,306,2024-10-28T17:00:00,2024-10-28,35,21347,15656,2024-10-22T08:00:19
2024-10-28 17:30:00,307,2024-10-28T17:30:00,2024-10-28,36,21347,15491,2024-10-22T08:00:19
2024-10-28 18:00:00,308,2024-10-28T18:00:00,2024-10-28,37,21347,15409,2024-10-22T08:00:19
2024-10-28 18:30:00,309,2024-10-28T18:30:00,2024-10-28,38,21347,15410,2024-10-22T08:00:19
2024-10-28 19:00:00,310,2024-10-28T19:00:00,2024-10-28,39,21347,15410,2024-10-22T08:00:19
2024-10-28 19:30:00,311,2024-10-28T19:30:00,2024-10-28,40,21347,15408,2024-10-22T08:00:19
2024-10-28 20:00:00,312,2024-10-28T20:00:00,2024-10-28,41,21347,15406,2024-10-22T08:00:19
2024-10-28 20:30:00,313,2024-10-28T20:30:00,2024-10-28,42,21347,15402,2024-10-22T08:00:19
2024-10-28 21:00:00,314,2024-10-28T21:00:00,2024-10-28,43,21347,15347,2024-10-22T08:00:19
2024-10-28 21:30:00,315,2024-10-28T21:30:00,2024-10-28,44,21347,15239,2024-10-22T08:00:19
2024-10-28 22:00:00,316,2024-10-28T22:00:00,2024-10-28,45,21347,15128,2024-10-22T08:00:19
2024-10-28 22:30:00,317,2024-10-28T22:30:00,2024-10-28,46,21347,15013,2024-10-22T08:00:19
2024-10-28 23:00:00,318,2024-10-28T23:00:00,2024-10-28,47,21347,14894,2024-10-22T08:00:19
2024-10-28 23:30:00,319,2024-10-28T23:30:00,2024-10-28,48,21347,14771,2024-10-22T08:00:19
2024-10-29 00:00:00,320,2024-10-29T00:00:00,2024-10-29,1,21347,14723,2024-10-22T08:00:19
2024-10-29 00:30:00,321,2024-10-29T00:30:00,2024-10-29,2,21347,14749,2024-10-22T08:00:19
2024-10-29 01:00:00,322,2024-10-29T01:00:00,2024-10-29,3,21347,14776,2024-10-22T08:00:19
2024-10-29 01:30:00,323,2024-10-29T01:30:00,2024-10-29,4,21347,14801,2024-10-22T08:00:19
2024-10-29 02:00:00,324,2024-10-29T02:00:00,2024-10-29,5,21347,14826,2024-10-22T08:00:19
2024-10-29 02:30:00,325,2024-10-29T02:30:00,2024-10-29,6,21347,14850,2024-10-22T08:00:19
2024-10-29 03:00:00,326,2024-10-29T03:00:00,2024-10-29,7,21347,14785,2024-10-22T08:00:19
2024-10-29 03:30:00,327,2024-10-29T03:30:00,2024-10-29,8,21347,14631,2024-10-22T08:00:19
2024-10-29 04:00:00,328,2024-10-29T04:00:00,2024-10-29,9,21347,14472,2024-10-22T08:00:19
2024-10-29 04:30:00,329,2024-10-29T04:30:00,2024-10-29,10,21347,14308,2024-10-22T08:00:19
2024-10-29 05:00:00,330,2024-10-29T05:00:00,2024-10-29,11,21347,14138,2024-10-22T08:00:19
2024-10-29 05:30:00,331,2024-10-29T05:30:00,2024-10-29,12,21347,13964,2024-10-22T08:00:19
2024-10-29 06:00:00,332,2024-10-29T06:00:00,2024-10-29,13,21347,13888,2024-10-22T08:00:19
2024-10-29 06:30:00,333,2024-10-29T06:30:00,2024-10-29,14,21347,13913,2024-10-22T08:00:19
2024-10-29 07:00:00,334,2024-10-29T07:00:00,2024-10-29,15,21347,13937,2024-10-22T08:00:19
2024-10-29 07:30:00,335,2024-10-29T07:30:00,2024-10-29,16,21347,13960,2024-10-22T08:00:19
2024-10-29 08:00:00,336,2024-10-29T08:00:00,2024-10-29,17,21347,13983,2024-10-22T08:00:19
2024-10-29 08:30:00,337,2024-10-29T08:30:00,2024-10-29,18,21347,14006,2024-10-22T08:00:19
2024-10-29 09:00:00,338,2024-10-29T09:00:00,2024-10-29,19,21347,13940,2024-10-22T08:00:19
2024-10-29 09:30:00,339,2024-10-29T09:30:00,2024-10-29,20,21347,13785,2024-10-22T08:00:19
2024-10-29 10:00:00,340,2024-10-29T10:00:00,2024-10-29,21,21347,13624,2024-10-22T08:00:19
2024-10-29 10:30:00,341,2024-10-29T10:30:00,2024-10-29,22,21347,13456,2024-10-22T08:00:19
2024-10-29 11:00:00,342,2024-10-29T11:00:00,2024-10-29,23,21347,13281,2024-10-22T08:00:19
2024-10-29 11:30:00,343,2024-10-29T11:30:00,2024-10-29,24,21347,13100,2024-10-22T08:00:19
2024-10-29 12:00:00,344,2024-10-29T12:00:00,2024-10-29,25,21347,13021,2024-10-22T08:00:19
2024-10-29 12:30:00,345,2024-10-29T12:30:00,2024-10-29,26,21347,13044,2024-10-22T08:00:19
2024-10-29 13:00:00,346,2024-10-29T13:00:00,2024-10-29,27,21347,13067,2024-10-22T08:00:19
2024-10-29 13:30:00,347,2024-10-29T13:30:00,2024-10-29,28,21347,13089,2024-10-22T08:00:19
2024-10-29 14:00:00,348,2024-10-29T14:00:00,2024-10-29,29,21347,13110,2024-10-22T08:00:19
2024-10-29 14:30:00,349,2024-10-29T14:30:00,2024-10-29,30,21347,13131,2024-10-22T08:00:19
2024-10-29 15:00:00,350,2024-10-29T15:00:00,2024-10-29,31,21347,12972,2024-10-22T08:00:19
2024-10-29 15:30:00,351,2024-10-29T15:30:00,2024-10-29,32,21347,12633,2024-10-22T08:00:19
2024-10-29 16:00:00,352,2024-10-29T16:00:00,2024-10-29,33,21347,12283,2024-10-22T08:00:19
2024-10-29 16:30:00,353,2024-10-29T16:30:00,2024-10-29,34,21347,11921,2024-10-22T08:00:19
2024-10-29 17:00:00,354,2024-10-29T17:00:00,2024-10-29,35,21347,11549,2024-10-22T08:00:19
2024-10-29 17:30:00,355,2024-10-29T17:30:00,2024-10-29,36,21347,11167,2024-10-22T08:00:19
2024-10-29 18:00:00,356,2024-10-29T18:00:00,2024-10-29,37,21347,10826,2024-10-22T08:00:19
2024-10-29 18:30:00,357,2024-10-29T18:30:00,2024-10-29,38,21347,10527,2024-10-22T08:00:19
2024-10-29 19:00:00,358,2024-10-29T19:00:00,2024-10-29,39,21347,10223,2024-10-22T08:00:19
2024-10-29 19:30:00,359,2024-10-29T19:30:00,2024-10-29,40,21347,9914,2024-10-22T08:00:19
2024-10-29 20:00:00,360,2024-10-29T20:00:00,2024-10-29,41,21347,9602,2024-10-22T08:00:19
2024-10-29 20:30:00,361,2024-10-29T20:30:00,2024-10-29,42,21347,9288,2024-10-22T08:00:19
2024-10-29 21:00:00,362,2024-10-29T21:00:00,2024-10-29,43,21347,8972,2024-10-22T08:00:19
2024-10-29 21:30:00,363,2024-10-29T21:30:00,2024-10-29,44,21347,8654,2024-10-22T08:00:19
2024-10-29 22:00:00,364,2024-10-29T22:00:00,2024-10-29,45,21347,8338,2024-10-22T08:00:19
2024-10-29 22:30:00,365,2024-10-29T22:30:00,2024-10-29,46,21347,8023,2024-10-22T08:00:19
2024-10-29 23:00:00,366,2024-10-29T23:00:00,2024-10-29,47,21347,7727,2024-10-22T08:00:19
2024-10-29 23:30:00,367,2024-10-29T23:30:00,2024-10-29,48,21347,7452,2024-10-22T08:00:19
2024-10-30 00:00:00,368,2024-10-30T00:00:00,2024-10-30,1,21347,7344,2024-10-22T08:00:19
2024-10-30 00:30:00,369,2024-10-30T00:30:00,2024-10-30,2,21347,7404,2024-10-22T08:00:19
2024-10-30 01:00:00,370,2024-10-30T01:00:00,2024-10-30,3,21347,7465,2024-10-22T08:00:19
2024-10-30 01:30:00,371,2024-10-30T01:30:00,2024-10-30,4,21347,7525,2024-10-22T08:00:19
2024-10-30 02:00:00,372,2024-10-30T02:00:00,2024-10-30,5,21347,7586,2024-10-22T08:00:19
2024-10-30 02:30:00,373,2024-10-30T02:30:00,2024-10-30,6,21347,7648,2024-10-22T08:00:19
2024-10-30 03:00:00,374,2024-10-30T03:00:00,2024-10-30,7,21347,7710,2024-10-22T08:00:19
2024-10-30 03:30:00,375,2024-10-30T03:30:00,2024-10-30,8,21347,7771,2024-10-22T08:00:19
2024-10-30 04:00:00,376,2024-10-30T04:00:00,2024-10-30,9,21347,7833,2024-10-22T08:00:19
2024-10-30 04:30:00,377,2024-10-30T04:30:00,2024-10-30,10,21347,7896,2024-10-22T08:00:19
2024-10-30 05:00:00,378,2024-10-30T05:00:00,2024-10-30,11,21347,7958,2024-10-22T08:00:19
2024-10-30 05:30:00,379,2024-10-30T05:30:00,2024-10-30,12,21347,8021,2024-10-22T08:00:19
2024-10-30 06:00:00,380,2024-10-30T06:00:00,2024-10-30,13,21347,8062,2024-10-22T08:00:19
2024-10-30 06:30:00,381,2024-10-30T06:30:00,2024-10-30,14,21347,8080,2024-10-22T08:00:19
2024-10-30 07:00:00,382,2024-10-30T07:00:00,2024-10-30,15,21347,8098,2024-10-22T08:00:19
2024-10-30 07:30:00,383,2024-10-30T07:30:00,2024-10-30,16,21347,8117,2024-10-22T08:00:19
2024-10-30 08:00:00,384,2024-10-30T08:00:00,2024-10-30,17,21347,8136,2024-10-22T08:00:19
2024-10-30 08:30:00,385,2024-10-30T08:30:00,2024-10-30,18,21347,8155,2024-10-22T08:00:19
2024-10-30 09:00:00,386,2024-10-30T09:00:00,2024-10-30,19,21347,8174,2024-10-22T08:00:19
2024-10-30 09:30:00,387,2024-10-30T09:30:00,2024-10-30,20,21347,8192,2024-10-22T08:00:19
2024-10-30 10:00:00,388,2024-10-30T10:00:00,2024-10-30,21,21347,8211,2024-10-22T08:00:19
2024-10-30 10:30:00,389,2024-10-30T10:30:00,2024-10-30,22,21347,8231,2024-10-22T08:00:19
2024-10-30 11:00:00,390,2024-10-30T11:00:00,2024-10-30,23,21347,8250,2024-10-22T08:00:19
2024-10-30 11:30:00,391,2024-10-30T11:30:00,2024-10-30,24,21347,8270,2024-10-22T08:00:19
2024-10-30 12:00:00,392,2024-10-30T12:00:00,2024-10-30,25,21347,8286,2024-10-22T08:00:19
2024-10-30 12:30:00,393,2024-10-30T12:30:00,2024-10-30,26,21347,8298,2024-10-22T08:00:19
2024-10-30 13:00:00,394,2024-10-30T13:00:00,2024-10-30,27,21347,8310,2024-10-22T08:00:19
2024-10-30 13:30:00,395,2024-10-30T13:30:00,2024-10-30,28,21347,8323,2024-10-22T08:00:19
2024-10-30 14:00:00,396,2024-10-30T14:00:00,2024-10-30,29,21347,8335,2024-10-22T08:00:19
2024-10-30 14:30:00,397,2024-10-30T14:30:00,2024-10-30,30,21347,8348,2024-10-22T08:00:19
2024-10-30 15:00:00,398,2024-10-30T15:00:00,2024-10-30,31,21347,8361,2024-10-22T08:00:19
2024-10-30 15:30:00,399,2024-10-30T15:30:00,2024-10-30,32,21347,8373,2024-10-22T08:00:19
2024-10-30 16:00:00,400,2024-10-30T16:00:00,2024-10-30,33,21347,8386,2024-10-22T08:00:19
2024-10-30 16:30:00,401,2024-10-30T16:30:00,2024-10-30,34,21347,8399,2024-10-22T08:00:19
2024-10-30 17:00:00,402,2024-10-30T17:00:00,2024-10-30,35,21347,8412,2024-10-22T08:00:19
2024-10-30 17:30:00,403,2024-10-30T17:30:00,2024-10-30,36,21347,8424,2024-10-22T08:00:19
2024-10-30 18:00:00,404,2024-10-30T18:00:00,2024-10-30,37,21347,8421,2024-10-22T08:00:19
2024-10-30 18:30:00,405,2024-10-30T18:30:00,2024-10-30,38,21347,8402,2024-10-22T08:00:19
2024-10-30 19:00:00,406,2024-10-30T19:00:00,2024-10-30,39,21347,8383,2024-10-22T08:00:19
2024-10-30 19:30:00,407,2024-10-30T19:30:00,2024-10-30,40,21347,8364,2024-10-22T08:00:19
2024-10-30 20:00:00,408,2024-10-30T20:00:00,2024-10-30,41,21347,8345,2024-10-22T08:00:19
2024-10-30 20:30:00,409,2024-10-30T20:30:00,2024-10-30,42,21347,8326,2024-10-22T08:00:19
2024-10-30 21:00:00,410,2024-10-30T21:00:00,2024-10-30,43,21347,8307,2024-10-22T08:00:19
2024-10-30 21:30:00,411,2024-10-30T21:30:00,2024-10-30,44,21347,8287,2024-10-22T08:00:19
2024-10-30 22:00:00,412,2024-10-30T22:00:00,2024-10-30,45,21347,8268,2024-10-22T08:00:19
2024-10-30 22:30:00,413,2024-10-30T22:30:00,2024-10-30,46,21347,8249,2024-10-22T08:00:19
2024-10-30 23:00:00,414,2024-10-30T23:00:00,2024-10-30,47,21347,8231,2024-10-22T08:00:19
2024-10-30 23:30:00,415,2024-10-30T23:30:00,2024-10-30,48,21347,8212,2024-10-22T08:00:19
2024-10-31 00:00:00,416,2024-10-31T00:00:00,2024-10-31,1,21347,8173,2024-10-22T08:00:19
2024-10-31 00:30:00,417,2024-10-31T00:30:00,2024-10-31,2,21347,8114,2024-10-22T08:00:19
2024-10-31 01:00:00,418,2024-10-31T01:00:00,2024-10-31,3,21347,8055,2024-10-22T08:00:19
2024-10-31 01:30:00,419,2024-10-31T01:30:00,2024-10-31,4,21347,7996,2024-10-22T08:00:19
2024-10-31 02:00:00,420,2024-10-31T02:00:00,2024-10-31,5,21347,7938,2024-10-22T08:00:19
2024-10-31 02:30:00,421,2024-10-31T02:30:00,2024-10-31,6,21347,7880,2024-10-22T08:00:19
2024-10-31 03:00:00,422,2024-10-31T03:00:00,2024-10-31,7,21347,7821,2024-10-22T08:00:19
2024-10-31 03:30:00,423,2024-10-31T03:30:00,2024-10-31,8,21347,7762,2024-10-22T08:00:19
2024-10-31 04:00:00,424,2024-10-31T04:00:00,2024-10-31,9,21347,7704,2024-10-22T08:00:19
2024-10-31 04:30:00,425,2024-10-31T04:30:00,2024-10-31,10,21347,7646,2024-10-22T08:00:19
2024-10-31 05:00:00,426,2024-10-31T05:00:00,2024-10-31,11,21347,7588,2024-10-22T08:00:19
2024-10-31 05:30:00,427,2024-10-31T05:30:00,2024-10-31,12,21347,7530,2024-10-22T08:00:19
2024-10-31 06:00:00,428,2024-10-31T06:00:00,2024-10-31,13,21347,7517,2024-10-22T08:00:19
2024-10-31 06:30:00,429,2024-10-31T06:30:00,2024-10-31,14,21347,7550,2024-10-22T08:00:19
2024-10-31 07:00:00,430,2024-10-31T07:00:00,2024-10-31,15,21347,7583,2024-10-22T08:00:19
2024-10-31 07:30:00,431,2024-10-31T07:30:00,2024-10-31,16,21347,7616,2024-10-22T08:00:19
2024-10-31 08:00:00,432,2024-10-31T08:00:00,2024-10-31,17,21347,7649,2024-10-22T08:00:19
2024-10-31 08:30:00,433,2024-10-31T08:30:00,2024-10-31,18,21347,7684,2024-10-22T08:00:19
2024-10-31 09:00:00,434,2024-10-31T09:00:00,2024-10-31,19,21347,7718,2024-10-22T08:00:19
2024-10-31 09:30:00,435,2024-10-31T09:30:00,2024-10-31,20,21347,7752,2024-10-22T08:00:19
2024-10-31 10:00:00,436,2024-10-31T10:00:00,2024-10-31,21,21347,7787,2024-10-22T08:00:19
2024-10-31 10:30:00,437,2024-10-31T10:30:00,2024-10-31,22,21347,7823,2024-10-22T08:00:19
2024-10-31 11:00:00,438,2024-10-31T11:00:00,2024-10-31,23,21347,7859,2024-10-22T08:00:19
2024-10-31 11:30:00,439,2024-10-31T11:30:00,2024-10-31,24,21347,7894,2024-10-22T08:00:19
2024-10-31 12:00:00,440,2024-10-31T12:00:00,2024-10-31,25,21347,7921,2024-10-22T08:00:19
2024-10-31 12:30:00,441,2024-10-31T12:30:00,2024-10-31,26,21347,7937,2024-10-22T08:00:19
2024-10-31 13:00:00,442,2024-10-31T13:00:00,2024-10-31,27,21347,7953,2024-10-22T08:00:19
2024-10-31 13:30:00,443,2024-10-31T13:30:00,2024-10-31,28,21347,7970,2024-10-22T08:00:19
2024-10-31 14:00:00,444,2024-10-31T14:00:00,2024-10-31,29,21347,7987,2024-10-22T08:00:19
2024-10-31 14:30:00,445,2024-10-31T14:30:00,2024-10-31,30,21347,8004,2024-10-22T08:00:19
2024-10-31 15:00:00,446,2024-10-31T15:00:00,2024-10-31,31,21347,8021,2024-10-22T08:00:19
2024-10-31 15:30:00,447,2024-10-31T15:30:00,2024-10-31,32,21347,8038,2024-10-22T08:00:19
2024-10-31 16:00:00,448,2024-10-31T16:00:00,2024-10-31,33,21347,8055,2024-10-22T08:00:19
2024-10-31 16:30:00,449,2024-10-31T16:30:00,2024-10-31,34,21347,8072,2024-10-22T08:00:19
2024-10-31 17:00:00,450,2024-10-31T17:00:00,2024-10-31,35,21347,8090,2024-10-22T08:00:19
2024-10-31 17:30:00,451,2024-10-31T17:30:00,2024-10-31,36,21347,8107,2024-10-22T08:00:19
2024-10-31 18:00:00,452,2024-10-31T18:00:00,2024-10-31,37,21347,8146,2024-10-22T08:00:19
2024-10-31 18:30:00,453,2024-10-31T18:30:00,2024-10-31,38,21347,8206,2024-10-22T08:00:19
2024-10-31 19:00:00,454,2024-10-31T19:00:00,2024-10-31,39,21347,8265,2024-10-22T08:00:19
2024-10-31 19:30:00,455,2024-10-31T19:30:00,2024-10-31,40,21347,8325,2024-10-22T08:00:19
2024-10-31 20:00:00,456,2024-10-31T20:00:00,2024-10-31,41,21347,8385,2024-10-22T08:00:19
2024-10-31 20:30:00,457,2024-10-31T20:30:00,2024-10-31,42,21347,8444,2024-10-22T08:00:19
2024-10-31 21:00:00,458,2024-10-31T21:00:00,2024-10-31,43,21347,8504,2024-10-22T08:00:19
2024-10-31 21:30:00,459,2024-10-31T21:30:00,2024-10-31,44,21347,8563,2024-10-22T08:00:19
2024-10-31 22:00:00,460,2024-10-31T22:00:00,2024-10-31,45,21347,8622,2024-10-22T08:00:19
2024-10-31 22:30:00,461,2024-10-31T22:30:00,2024-10-31,46,21347,8681,2024-10-22T08:00:19
2024-10-31 23:00:00,462,2024-10-31T23:00:00,2024-10-31,47,21347,8741,2024-10-22T08:00:19
2024-10-31 23:30:00,463,2024-10-31T23:30:00,2024-10-31,48,21347,8799,2024-10-22T08:00:19
2024-11-01 00:00:00,464,2024-11-01T00:00:00,2024-11-01,1,21347,8827,2024-10-22T08:00:19
2024-11-01 00:30:00,465,2024-11-01T00:30:00,2024-11-01,2,21347,8822,2024-10-22T08:00:19
2024-11-01 01:00:00,466,2024-11-01T01:00:00,2024-11-01,3,21347,8818,2024-10-22T08:00:19
2024-11-01 01:30:00,467,2024-11-01T01:30:00,2024-11-01,4,21347,8814,2024-10-22T08:00:19
2024-11-01 02:00:00,468,2024-11-01T02:00:00,2024-11-01,5,21347,8810,2024-10-22T08:00:19
2024-11-01 02:30:00,469,2024-11-01T02:30:00,2024-11-01,6,21347,8806,2024-10-22T08:00:19
2024-11-01 03:00:00,470,2024-11-01T03:00:00,2024-11-01,7,21347,8802,2024-10-22T08:00:19
2024-11-01 03:30:00,471,2024-11-01T03:30:00,2024-11-01,8,21347,8798,2024-10-22T08:00:19
2024-11-01 04:00:00,472,2024-11-01T04:00:00,2024-11-01,9,21347,8794,2024-10-22T08:00:19
2024-11-01 04:30:00,473,2024-11-01T04:30:00,2024-11-01,10,21347,8791,2024-10-22T08:00:19
2024-11-01 05:00:00,474,2024-11-01T05:00:00,2024-11-01,11,21347,8788,2024-10-22T08:00:19
2024-11-01 05:30:00,475,2024-11-01T05:30:00,2024-11-01,12,21347,8784,2024-10-22T08:00:19
2024-11-01 06:00:00,476,2024-11-01T06:00:00,2024-11-01,13,21347,8809,2024-10-22T08:00:19
2024-11-01 06:30:00,477,2024-11-01T06:30:00,2024-11-01,14,21347,8862,2024-10-22T08:00:19
2024-11-01 07:00:00,478,2024-11-01T07:00:00,2024-11-01,15,21347,8916,2024-10-22T08:00:19
2024-11-01 07:30:00,479,2024-11-01T07:30:00,2024-11-01,16,21347,8970,2024-10-22T08:00:19
2024-11-01 08:00:00,480,2024-11-01T08:00:00,2024-11-01,17,21347,9025,2024-10-22T08:00:19
2024-11-01 08:30:00,481,2024-11-01T08:30:00,2024-11-01,18,21347,9081,2024-10-22T08:00:19
2024-11-01 09:00:00,482,2024-11-01T09:00:00,2024-11-01,19,21347,9136,2024-10-22T08:00:19
2024-11-01 09:30:00,483,2024-11-01T09:30:00,2024-11-01,20,21347,9192,2024-10-22T08:00:19
2024-11-01 10:00:00,484,2024-11-01T10:00:00,2024-11-01,21,21347,9248,2024-10-22T08:00:19
2024-11-01 10:30:00,485,2024-11-01T10:30:00,2024-11-01,22,21347,9305,2024-10-22T08:00:19
2024-11-01 11:00:00,486,2024-11-01T11:00:00,2024-11-01,23,21347,9362,2024-10-22T08:00:19
2024-11-01 11:30:00,487,2024-11-01T11:30:00,2024-11-01,24,21347,9419,2024-10-22T08:00:19
2024-11-01 12:00:00,488,2024-11-01T12:00:00,2024-11-01,25,21347,9499,2024-10-22T08:00:19
2024-11-01 12:30:00,489,2024-11-01T12:30:00,2024-11-01,26,21347,9602,2024-10-22T08:00:19
2024-11-01 13:00:00,490,2024-11-01T13:00:00,2024-11-01,27,21347,9704,2024-10-22T08:00:19
2024-11-01 13:30:00,491,2024-11-01T13:30:00,2024-11-01,28,21347,9807,2024-10-22T08:00:19
2024-11-01 14:00:00,492,2024-11-01T14:00:00,2024-11-01,29,21347,9909,2024-10-22T08:00:19
2024-11-01 14:30:00,493,2024-11-01T14:30:00,2024-11-01,30,21347,10012,2024-10-22T08:00:19
2024-11-01 15:00:00,494,2024-11-01T15:00:00,2024-11-01,31,21347,10114,2024-10-22T08:00:19
2024-11-01 15:30:00,495,2024-11-01T15:30:00,2024-11-01,32,21347,10215,2024-10-22T08:00:19
2024-11-01 16:00:00,496,2024-11-01T16:00:00,2024-11-01,33,21347,10317,2024-10-22T08:00:19
2024-11-01 16:30:00,497,2024-11-01T16:30:00,2024-11-01,34,21347,10418,2024-10-22T08:00:19
2024-11-01 17:00:00,498,2024-11-01T17:00:00,2024-11-01,35,21347,10518,2024-10-22T08:00:19
2024-11-01 17:30:00,499,2024-11-01T17:30:00,2024-11-01,36,21347,10619,2024-10-22T08:00:19
2024-11-01 18:00:00,500,2024-11-01T18:00:00,2024-11-01,37,21347,10683,2024-10-22T08:00:19
2024-11-01 18:30:00,501,2024-11-01T18:30:00,2024-11-01,38,21347,10712,2024-10-22T08:00:19
2024-11-01 19:00:00,502,2024-11-01T19:00:00,2024-11-01,39,21347,10741,2024-10-22T08:00:19
2024-11-01 19:30:00,503,2024-11-01T19:30:00,2024-11-01,40,21347,10769,2024-10-22T08:00:19
2024-11-01 20:00:00,504,2024-11-01T20:00:00,2024-11-01,41,21347,10798,2024-10-22T08:00:19
2024-11-01 20:30:00,505,2024-11-01T20:30:00,2024-11-01,42,21347,10826,2024-10-22T08:00:19
2024-11-01 21:00:00,506,2024-11-01T21:00:00,2024-11-01,43,21347,10855,2024-10-22T08:00:19
2024-11-01 21:30:00,507,2024-11-01T21:30:00,2024-11-01,44,21347,10883,2024-10-22T08:00:19
2024-11-01 22:00:00,508,2024-11-01T22:00:00,2024-11-01,45,21347,10911,2024-10-22T08:00:19
2024-11-01 22:30:00,509,2024-11-01T22:30:00,2024-11-01,46,21347,10939,2024-10-22T08:00:19
2024-11-01 23:00:00,510,2024-11-01T23:00:00,2024-11-01,47,21347,10967,2024-10-22T08:00:19
2024-11-01 23:30:00,511,2024-11-01T23:30:00,2024-11-01,48,21347,10994,2024-10-22T08:00:19
2024-11-02 00:00:00,512,2024-11-02T00:00:00,2024-11-02,1,21347,10975,2024-10-22T08:00:19
2024-11-02 00:30:00,513,2024-11-02T00:30:00,2024-11-02,2,21347,10908,2024-10-22T08:00:19
2024-11-02 01:00:00,514,2024-11-02T01:00:00,2024-11-02,3,21347,10841,2024-10-22T08:00:19
2024-11-02 01:30:00,515,2024-11-02T01:30:00,2024-11-02,4,21347,10773,2024-10-22T08:00:19
2024-11-02 02:00:00,516,2024-11-02T02:00:00,2024-11-02,5,21347,10706,2024-10-22T08:00:19
2024-11-02 02:30:00,517,2024-11-02T02:30:00,2024-11-02,6,21347,10638,2024-10-22T08:00:19
2024-11-02 03:00:00,518,2024-11-02T03:00:00,2024-11-02,7,21347,10570,2024-10-22T08:00:19
2024-11-02 03:30:00,519,2024-11-02T03:30:00,2024-11-02,8,21347,10502,2024-10-22T08:00:19
2024-11-02 04:00:00,520,2024-11-02T04:00:00,2024-11-02,9,21347,10434,2024-10-22T08:00:19
2024-11-02 04:30:00,521,2024-11-02T04:30:00,2024-11-02,10,21347,10366,2024-10-22T08:00:19
2024-11-02 05:00:00,522,2024-11-02T05:00:00,2024-11-02,11,21347,10298,2024-10-22T08:00:19
2024-11-02 05:30:00,523,2024-11-02T05:30:00,2024-11-02,12,21347,10229,2024-10-22T08:00:19
2024-11-02 06:00:00,524,2024-11-02T06:00:00,2024-11-02,13,21347,10157,2024-10-22T08:00:19
2024-11-02 06:30:00,525,2024-11-02T06:30:00,2024-11-02,14,21347,10081,2024-10-22T08:00:19
2024-11-02 07:00:00,526,2024-11-02T07:00:00,2024-11-02,15,21347,10004,2024-10-22T08:00:19
2024-11-02 07:30:00,527,2024-11-02T07:30:00,2024-11-02,16,21347,9927,2024-10-22T08:00:19
2024-11-02 08:00:00,528,2024-11-02T08:00:00,2024-11-02,17,21347,9850,2024-10-22T08:00:19
2024-11-02 08:30:00,529,2024-11-02T08:30:00,2024-11-02,18,21347,9773,2024-10-22T08:00:19
2024-11-02 09:00:00,530,2024-11-02T09:00:00,2024-11-02,19,21347,9695,2024-10-22T08:00:19
2024-11-02 09:30:00,531,2024-11-02T09:30:00,2024-11-02,20,21347,9616,2024-10-22T08:00:19
2024-11-02 10:00:00,532,2024-11-02T10:00:00,2024-11-02,21,21347,9537,2024-10-22T08:00:19
2024-11-02 10:30:00,533,2024-11-02T10:30:00,2024-11-02,22,21347,9459,2024-10-22T08:00:19
2024-11-02 11:00:00,534,2024-11-02T11:00:00,2024-11-02,23,21347,9380,2024-10-22T08:00:19
2024-11-02 11:30:00,535,2024-11-02T11:30:00,2024-11-02,24,21347,9301,2024-10-22T08:00:19
2024-11-02 12:00:00,536,2024-11-02T12:00:00,2024-11-02,25,21347,9237,2024-10-22T08:00:19
2024-11-02 12:30:00,537,2024-11-02T12:30:00,2024-11-02,26,21347,9188,2024-10-22T08:00:19
2024-11-02 13:00:00,538,2024-11-02T13:00:00,2024-11-02,27,21347,9139,2024-10-22T08:00:19
2024-11-02 13:30:00,539,2024-11-02T13:30:00,2024-11-02,28,21347,9090,2024-10-22T08:00:19
2024-11-02 14:00:00,540,2024-11-02T14:00:00,2024-11-02,29,21347,9042,2024-10-22T08:00:19
2024-11-02 14:30:00,541,2024-11-02T14:30:00,2024-11-02,30,21347,8994,2024-10-22T08:00:19
2024-11-02 15:00:00,542,2024-11-02T15:00:00,2024-11-02,31,21347,8946,2024-10-22T08:00:19
2024-11-02 15:30:00,543,2024-11-02T15:30:00,2024-11-02,32,21347,8897,2024-10-22T08:00:19
2024-11-02 16:00:00,544,2024-11-02T16:00:00,2024-11-02,33,21347,8849,2024-10-22T08:00:19
2024-11-02 16:30:00,545,2024-11-02T16:30:00,2024-11-02,34,21347,8802,2024-10-22T08:00:19
2024-11-02 17:00:00,546,2024-11-02T17:00:00,2024-11-02,35,21347,8754,2024-10-22T08:00:19
2024-11-02 17:30:00,547,2024-11-02T17:30:00,2024-11-02,36,21347,8706,2024-10-22T08:00:19
2024-11-02 18:00:00,548,2024-11-02T18:00:00,2024-11-02,37,21347,8707,2024-10-22T08:00:19
2024-11-02 18:30:00,549,2024-11-02T18:30:00,2024-11-02,38,21347,8755,2024-10-22T08:00:19
2024-11-02 19:00:00,550,2024-11-02T19:00:00,2024-11-02,39,21347,8803,2024-10-22T08:00:19
2024-11-02 19:30:00,551,2024-11-02T19:30:00,2024-11-02,40,21347,8851,2024-10-22T08:00:19
2024-11-02 20:00:00,552,2024-11-02T20:00:00,2024-11-02,41,21347,8900,2024-10-22T08:00:19
2024-11-02 20:30:00,553,2024-11-02T20:30:00,2024-11-02,42,21347,8949,2024-10-22T08:00:19
2024-11-02 21:00:00,554,2024-11-02T21:00:00,2024-11-02,43,21347,8997,2024-10-22T08:00:19
2024-11-02 21:30:00,555,2024-11-02T21:30:00,2024-11-02,44,21347,9045,2024-10-22T08:00:19
2024-11-02 22:00:00,556,2024-11-02T22:00:00,2024-11-02,45,21347,9094,2024-10-22T08:00:19
2024-11-02 22:30:00,557,2024-11-02T22:30:00,2024-11-02,46,21347,9143,2024-10-22T08:00:19
2024-11-02 23:00:00,558,2024-11-02T23:00:00,2024-11-02,47,21347,9192,2024-10-22T08:00:19
2024-11-02 23:30:00,559,2024-11-02T23:30:00,2024-11-02,48,21347,9240,2024-10-22T08:00:19
2024-11-03 00:00:00,560,2024-11-03T00:00:00,2024-11-03,1,21347,9288,2024-10-22T08:00:19
2024-11-03 00:30:00,561,2024-11-03T00:30:00,2024-11-03,2,21347,9336,2024-10-22T08:00:19
2024-11-03 01:00:00,562,2024-11-03T01:00:00,2024-11-03,3,21347,9383,2024-10-22T08:00:19
2024-11-03 01:30:00,563,2024-11-03T01:30:00,2024-11-03,4,21347,9429,2024-10-22T08:00:19
2024-11-03 02:00:00,564,2024-11-03T02:00:00,2024-11-03,5,21347,9476,2024-10-22T08:00:19
2024-11-03 02:30:00,565,2024-11-03T02:30:00,2024-11-03,6,21347,9523,2024-10-22T08:00:19
2024-11-03 03:00:00,566,2024-11-03T03:00:00,2024-11-03,7,21347,9570,2024-10-22T08:00:19
2024-11-03 03:30:00,567,2024-11-03T03:30:00,2024-11-03,8,21347,9616,2024-10-22T08:00:19
2024-11-03 04:00:00,568,2024-11-03T04:00:00,2024-11-03,9,21347,9662,2024-10-22T08:00:19
2024-11-03 04:30:00,569,2024-11-03T04:30:00,2024-11-03,10,21347,9708,2024-10-22T08:00:19
2024-11-03 05:00:00,570,2024-11-03T05:00:00,2024-11-03,11,21347,9754,2024-10-22T08:00:19
2024-11-03 05:30:00,571,2024-11-03T05:30:00,2024-11-03,12,21347,9800,2024-10-22T08:00:19
2024-11-03 06:00:00,572,2024-11-03T06:00:00,2024-11-03,13,21347,9861,2024-10-22T08:00:19
2024-11-03 06:30:00,573,2024-11-03T06:30:00,2024-11-03,14,21347,9938,2024-10-22T08:00:19
2024-11-03 07:00:00,574,2024-11-03T07:00:00,2024-11-03,15,21347,10015,2024-10-22T08:00:19
2024-11-03 07:30:00,575,2024-11-03T07:30:00,2024-11-03,16,21347,10091,2024-10-22T08:00:19
2024-11-03 08:00:00,576,2024-11-03T08:00:00,2024-11-03,17,21347,10167,2024-10-22T08:00:19
2024-11-03 08:30:00,577,2024-11-03T08:30:00,2024-11-03,18,21347,10244,2024-10-22T08:00:19
2024-11-03 09:00:00,578,2024-11-03T09:00:00,2024-11-03,19,21347,10320,2024-10-22T08:00:19
2024-11-03 09:30:00,579,2024-11-03T09:30:00,2024-11-03,20,21347,10395,2024-10-22T08:00:19
2024-11-03 10:00:00,580,2024-11-03T10:00:00,2024-11-03,21,21347,10471,2024-10-22T08:00:19
2024-11-03 10:30:00,581,2024-11-03T10:30:00,2024-11-03,22,21347,10546,2024-10-22T08:00:19
2024-11-03 11:00:00,582,2024-11-03T11:00:00,2024-11-03,23,21347,10621,2024-10-22T08:00:19
2024-11-03 11:30:00,583,2024-11-03T11:30:00,2024-11-03,24,21347,10696,2024-10-22T08:00:19
2024-11-03 12:00:00,584,2024-11-03T12:00:00,2024-11-03,25,21347,10756,2024-10-22T08:00:19
2024-11-03 12:30:00,585,2024-11-03T12:30:00,2024-11-03,26,21347,10799,2024-10-22T08:00:19
2024-11-03 13:00:00,586,2024-11-03T13:00:00,2024-11-03,27,21347,10843,2024-10-22T08:00:19
2024-11-03 13:30:00,587,2024-11-03T13:30:00,2024-11-03,28,21347,10886,2024-10-22T08:00:19
2024-11-03 14:00:00,588,2024-11-03T14:00:00,2024-11-03,29,21347,10929,2024-10-22T08:00:19
2024-11-03 14:30:00,589,2024-11-03T14:30:00,2024-11-03,30,21347,10972,2024-10-22T08:00:19
2024-11-03 15:00:00,590,2024-11-03T15:00:00,2024-11-03,31,21347,11014,2024-10-22T08:00:19
2024-11-03 15:30:00,591,2024-11-03T15:30:00,2024-11-03,32,21347,11056,2024-10-22T08:00:19
2024-11-03 16:00:00,592,2024-11-03T16:00:00,2024-11-03,33,21347,11097,2024-10-22T08:00:19
2024-11-03 16:30:00,593,2024-11-03T16:30:00,2024-11-03,34,21347,11139,2024-10-22T08:00:19
2024-11-03 17:00:00,594,2024-11-03T17:00:00,2024-11-03,35,21347,11180,2024-10-22T08:00:19
2024-11-03 17:30:00,595,2024-11-03T17:30:00,2024-11-03,36,21347,11221,2024-10-22T08:00:19
2024-11-03 18:00:00,596,2024-11-03T18:00:00,2024-11-03,37,21347,11225,2024-10-22T08:00:19
2024-11-03 18:30:00,597,2024-11-03T18:30:00,2024-11-03,38,21347,11192,2024-10-22T08:00:19
2024-11-03 19:00:00,598,2024-11-03T19:00:00,2024-11-03,39,21347,11158,2024-10-22T08:00:19
2024-11-03 19:30:00,599,2024-11-03T19:30:00,2024-11-03,40,21347,11124,2024-10-22T08:00:19
2024-11-03 20:00:00,600,2024-11-03T20:00:00,2024-11-03,41,21347,11090,2024-10-22T08:00:19
2024-11-03 20:30:00,601,2024-11-03T20:30:00,2024-11-03,42,21347,11055,2024-10-22T08:00:19
2024-11-03 21:00:00,602,2024-11-03T21:00:00,2024-11-03,43,21347,11020,2024-10-22T08:00:19
2024-11-03 21:30:00,603,2024-11-03T21:30:00,2024-11-03,44,21347,10984,2024-10-22T08:00:19
2024-11-03 22:00:00,604,2024-11-03T22:00:00,2024-11-03,45,21347,10948,2024-10-22T08:00:19
2024-11-03 22:30:00,605,2024-11-03T22:30:00,2024-11-03,46,21347,10911,2024-10-22T08:00:19
2024-11-03 23:00:00,606,2024-11-03T23:00:00,2024-11-03,47,21347,10874,2024-10-22T08:00:19
2024-11-03 23:30:00,607,2024-11-03T23:30:00,2024-11-03,48,21347,10837,2024-10-22T08:00:19
2024-11-04 00:00:00,608,2024-11-04T00:00:00,2024-11-04,1,21347,10784,2024-10-22T08:00:19
2024-11-04 00:30:00,609,2024-11-04T00:30:00,2024-11-04,2,21347,10716,2024-10-22T08:00:19
2024-11-04 01:00:00,610,2024-11-04T01:00:00,2024-11-04,3,21347,10648,2024-10-22T08:00:19
2024-11-04 01:30:00,611,2024-11-04T01:30:00,2024-11-04,4,21347,10579,2024-10-22T08:00:19
2024-11-04 02:00:00,612,2024-11-04T02:00:00,2024-11-04,5,21347,10511,2024-10-22T08:00:19
2024-11-04 02:30:00,613,2024-11-04T02:30:00,2024-11-04,6,21347,10442,2024-10-22T08:00:19
2024-11-04 03:00:00,614,2024-11-04T03:00:00,2024-11-04,7,21347,10373,2024-10-22T08:00:19
2024-11-04 03:30:00,615,2024-11-04T03:30:00,2024-11-04,8,21347,10304,2024-10-22T08:00:19
2024-11-04 04:00:00,616,2024-11-04T04:00:00,2024-11-04,9,21347,10235,2024-10-22T08:00:19
2024-11-04 04:30:00,617,2024-11-04T04:30:00,2024-11-04,10,21347,10166,2024-10-22T08:00:19
2024-11-04 05:00:00,618,2024-11-04T05:00:00,2024-11-04,11,21347,10097,2024-10-22T08:00:19
2024-11-04 05:30:00,619,2024-11-04T05:30:00,2024-11-04,12,21347,10028,2024-10-22T08:00:19
2024-11-04 06:00:00,620,2024-11-04T06:00:00,2024-11-04,13,21347,9952,2024-10-22T08:00:19
2024-11-04 06:30:00,621,2024-11-04T06:30:00,2024-11-04,14,21347,9869,2024-10-22T08:00:19
2024-11-04 07:00:00,622,2024-11-04T07:00:00,2024-11-04,15,21347,9786,2024-10-22T08:00:19
2024-11-04 07:30:00,623,2024-11-04T07:30:00,2024-11-04,16,21347,9702,2024-10-22T08:00:19
2024-11-04 08:00:00,624,2024-11-04T08:00:00,2024-11-04,17,21347,9619,2024-10-22T08:00:19
2024-11-04 08:30:00,625,2024-11-04T08:30:00,2024-11-04,18,21347,9536,2024-10-22T08:00:19
2024-11-04 09:00:00,626,2024-11-04T09:00:00,2024-11-04,19,21347,9452,2024-10-22T08:00:19
2024-11-04 09:30:00,627,2024-11-04T09:30:00,2024-11-04,20,21347,9368,2024-10-22T08:00:19
2024-11-04 10:00:00,628,2024-11-04T10:00:00,2024-11-04,21,21347,9283,2024-10-22T08:00:19
2024-11-04 10:30:00,629,2024-11-04T10:30:00,2024-11-04,22,21347,9199,2024-10-22T08:00:19
2024-11-04 11:00:00,630,2024-11-04T11:00:00,2024-11-04,23,21347,9115,2024-10-22T08:00:19
2024-11-04 11:30:00,631,2024-11-04T11:30:00,2024-11-04,24,21347,9031,2024-10-22T08:00:19
2024-11-04 12:00:00,632,2024-11-04T12:00:00,2024-11-04,25,21347,8961,2024-10-22T08:00:19
2024-11-04 12:30:00,633,2024-11-04T12:30:00,2024-11-04,26,21347,8907,2024-10-22T08:00:19
2024-11-04 13:00:00,634,2024-11-04T13:00:00,2024-11-04,27,21347,8852,2024-10-22T08:00:19
2024-11-04 13:30:00,635,2024-11-04T13:30:00,2024-11-04,28,21347,8798,2024-10-22T08:00:19
2024-11-04 14:00:00,636,2024-11-04T14:00:00,2024-11-04,29,21347,8743,2024-10-22T08:00:19
2024-11-04 14:30:00,637,2024-11-04T14:30:00,2024-11-04,30,21347,8689,2024-10-22T08:00:19
2024-11-04 15:00:00,638,2024-11-04T15:00:00,2024-11-04,31,21347,8635,2024-10-22T08:00:19
2024-11-04 15:30:00,639,2024-11-04T15:30:00,2024-11-04,32,21347,8581,2024-10-22T08:00:19
2024-11-04 16:00:00,640,2024-11-04T16:00:00,2024-11-04,33,21347,8527,2024-10-22T08:00:19
2024-11-04 16:30:00,641,2024-11-04T16:30:00,2024-11-04,34,21347,8473,2024-10-22T08:00:19
2024-11-04 17:00:00,642,2024-11-04T17:00:00,2024-11-04,35,21347,8419,2024-10-22T08:00:19
2024-11-04 17:30:00,643,2024-11-04T17:30:00,2024-11-04,36,21347,8365,2024-10-22T08:00:19
2024-11-04 18:00:00,644,2024-11-04T18:00:00,2024-11-04,37,21347,8305,2024-10-22T08:00:19
2024-11-04 18:30:00,645,2024-11-04T18:30:00,2024-11-04,38,21347,8239,2024-10-22T08:00:19
2024-11-04 19:00:00,646,2024-11-04T19:00:00,2024-11-04,39,21347,8172,2024-10-22T08:00:19
2024-11-04 19:30:00,647,2024-11-04T19:30:00,2024-11-04,40,21347,8106,2024-10-22T08:00:19
2024-11-04 20:00:00,648,2024-11-04T20:00:00,2024-11-04,41,21347,8039,2024-10-22T08:00:19
2024-11-04 20:30:00,649,2024-11-04T20:30:00,2024-11-04,42,21347,7973,2024-10-22T08:00:19
2024-11-04 21:00:00,650,2024-11-04T21:00:00,2024-11-04,43,21347,7906,2024-10-22T08:00:19
2024-11-04 21:30:00,651,2024-11-04T21:30:00,2024-11-04,44,21347,7839,2024-10-22T08:00:19
2024-11-04 22:00:00,652,2024-11-04T22:00:00,2024-11-04,45,21347,8577,2024-10-22T08:00:19
2024-11-04 22:30:00,653,2024-11-04T22:30:00,2024-11-04,46,21347,10121,2024-10-22T08:00:19
